neighborhood,reddit_total_posts,reddit_negative_fear,reddit_neutral_concern,reddit_positive_reassuring,reddit_total_safety_score,reddit_fear_ratio,crime_total_incidents,crime_top_types,crime_violent_pct,crime_domestic_pct,crime_arrest_rate,crime_night_pct,crime_peak_hour,crime_peak_day,crime_peak_month,crime_top_location,requests_311_total,avg_resolution_hours,median_resolution_hours,street_light_complaints,vacant_building_complaints,street_light_pct,vacant_building_pct,most_common_complaint,peak_complaint_hour,data_coverage,reddit_score_norm,crime_score_norm,violent_score_norm,complaints_norm,lighting_norm,combined_score,final_risk
Austin,23.0,8.0,9.0,6.0,24.0,0.348,11056,BATTERY | THEFT | CRIMINAL DAMAGE,41.4,28.0,20.0,48.7,12am–1am,Saturday,Jul,STREET,4776,433.0,170.7677778,1110,303,0.23241206,0.063442211,Abandoned Vehicle Complaint,9,All 3 Sources,0.3093220338983051,1.0,0.7275449101796406,1.0,0.9914772727272727,0.772,High Risk
Greater Grand Crossing,3.0,3.0,0.0,0.0,8.0,1.0,5992,BATTERY | THEFT | ASSAULT,44.6,28.4,16.5,48.9,12am–1am,Monday,Jul,APARTMENT,1911,352.85,91.73055556,694,200,0.363160649,0.104657248,Abandoned Vehicle Complaint,9,All 3 Sources,1.0,0.532150776053215,0.8233532934131736,0.3794671864847303,0.5975378787878788,0.695,High Risk
Auburn Gresham,3.0,3.0,0.0,0.0,4.0,1.0,5778,BATTERY | CRIMINAL DAMAGE | THEFT,38.7,30.8,12.6,48.9,12am–1am,Monday,Jul,STREET,2333,382.72,140.5313889,925,219,0.396485212,0.093870553,Abandoned Vehicle Complaint,20,All 3 Sources,1.0,0.5123798965262379,0.6467065868263474,0.4708685293480615,0.8162878787878788,0.672,High Risk
Chicago Lawn,1.0,1.0,0.0,0.0,2.0,1.0,4522,BATTERY | THEFT | CRIMINAL DAMAGE,40.8,26.8,19.3,49.4,12am–1am,Wednesday,Aug,STREET,2409,441.7,189.5136111,561,165,0.232876712,0.068493151,Abandoned Vehicle Complaint,9,All 3 Sources,1.0,0.39634146341463417,0.7095808383233532,0.4873294346978557,0.4715909090909091,0.623,Medium Risk
South Shore,10.0,5.0,4.0,1.0,12.0,0.5,7963,BATTERY | THEFT | CRIMINAL DAMAGE,41.2,27.5,13.2,47.6,12am–1am,Friday,Jul,APARTMENT,1757,389.15,134.1326389,532,147,0.302788845,0.083665339,Abandoned Vehicle Complaint,9,All 3 Sources,0.4703389830508475,0.7142461197339246,0.721556886227545,0.34611219406541044,0.4441287878787879,0.604,Medium Risk
West Englewood,2.0,2.0,0.0,0.0,2.0,1.0,4116,BATTERY | THEFT | CRIMINAL DAMAGE,42.0,27.7,19.6,50.1,12am–1am,Friday,Jul,STREET,1920,480.66,185.8340278,391,414,0.203645833,0.215625,Abandoned Vehicle Complaint,9,All 3 Sources,1.0,0.3588322246858832,0.7455089820359281,0.38141650422352175,0.3106060606060606,0.596,Medium Risk
Roseland,4.0,3.0,0.0,1.0,13.0,0.75,5057,BATTERY | THEFT | CRIMINAL DAMAGE,38.3,26.7,19.0,48.1,12am–1am,Monday,Oct,RESIDENCE,2532,441.86,95.40805556,1119,329,0.441943128,0.129936809,Street Light Out Complaint,15,All 3 Sources,0.7351694915254238,0.44576866223207684,0.6347305389221556,0.5139701104613386,1.0,0.59,Medium Risk
Belmont Cragin,3.0,3.0,0.0,0.0,9.0,1.0,3828,THEFT | BATTERY | CRIMINAL DAMAGE,33.2,20.5,16.9,50.5,12am–1am,Wednesday,Oct,STREET,3430,384.07,171.6725,705,54,0.205539359,0.01574344,Abandoned Vehicle Complaint,15,All 3 Sources,1.0,0.33222468588322246,0.48203592814371266,0.7084687026207495,0.6079545454545454,0.581,Medium Risk
West Garfield Park,3.0,3.0,0.0,0.0,8.0,1.0,3209,BATTERY | NARCOTICS | THEFT,43.4,27.0,26.5,48.0,4pm–5pm,Saturday,Jul,STREET,1131,577.05,190.0930556,290,85,0.256410256,0.07515473,Abandoned Vehicle Complaint,9,All 3 Sources,1.0,0.2750369549150037,0.7874251497005987,0.21052631578947367,0.21496212121212122,0.549,Medium Risk
North Lawndale,,,,,,0.5,6100,BATTERY | NARCOTICS | THEFT,42.0,24.7,28.1,47.8,12pm–1pm,Thursday,May,STREET,1894,441.28,164.0715278,617,125,0.325765576,0.065997888,Abandoned Vehicle Complaint,7,Crime + 311 Only,0.4703389830508475,0.5421286031042128,0.7455089820359281,0.37578514186701323,0.5246212121212122,0.547,Medium Risk*
Near West Side,64.0,10.0,25.0,29.0,46.0,0.156,10254,THEFT | BATTERY | CRIMINAL DAMAGE,28.3,10.7,10.9,45.8,12am–1am,Friday,Jul,STREET,1447,292.37,86.04666667,781,48,0.539737388,0.03317208,Street Light Out Complaint,21,All 3 Sources,0.10593220338983052,0.9259053954175905,0.33532934131736525,0.2789690275070392,0.6799242424242424,0.526,Medium Risk
Englewood,13.0,8.0,3.0,2.0,21.0,0.615,4604,BATTERY | THEFT | ASSAULT,44.7,29.3,17.9,48.7,12am–1am,Thursday,Jul,STREET,1429,413.73,143.7706944,408,285,0.285514346,0.199440168,Abandoned Vehicle Complaint,10,All 3 Sources,0.5921610169491525,0.40391722099039173,0.8263473053892216,0.2750703920294564,0.32670454545454547,0.519,Medium Risk
Near North Side,115.0,19.0,40.0,56.0,78.0,0.165,10826,THEFT | BATTERY | DECEPTIVE PRACTICE,25.1,6.4,14.9,45.4,12pm–1pm,Saturday,Jul,STREET,956,449.97,119.6636111,699,20,0.731171548,0.020920502,Street Light Out Complaint,23,All 3 Sources,0.11546610169491528,0.9787509238728751,0.23952095808383234,0.1726229153129738,0.6022727272727273,0.516,Medium Risk
Washington Park,3.0,3.0,0.0,0.0,8.0,1.0,2373,BATTERY | THEFT | ASSAULT,43.7,31.3,15.8,50.4,12am–1am,Monday,Jun,APARTMENT,486,420.25,119.9986111,239,18,0.491769547,0.037037037,Street Light Out Complaint,21,All 3 Sources,1.0,0.19780118255728013,0.7964071856287426,0.07082521117608837,0.16666666666666666,0.504,Medium Risk
Washington Heights,1.0,1.0,0.0,0.0,2.0,1.0,2688,THEFT | BATTERY | CRIMINAL DAMAGE,34.0,21.7,14.1,47.7,12am–1am,Friday,Oct,STREET,1484,432.43,137.3127778,644,155,0.433962264,0.104447439,Street Light Out Complaint,9,All 3 Sources,1.0,0.2269031781226903,0.5059880239520957,0.2869828893220706,0.5501893939393939,0.498,Medium Risk
New City,4.0,2.0,2.0,0.0,3.0,0.5,3485,BATTERY | THEFT | ASSAULT,44.3,23.3,16.9,51.3,12am–1am,Sunday,Aug,STREET,2552,365.2,99.91305556,906,167,0.355015674,0.065438871,Abandoned Vehicle Complaint,7,All 3 Sources,0.4703389830508475,0.3005358462675536,0.8143712574850298,0.5183019276586528,0.7982954545454546,0.492,Medium Risk
Grand Boulevard,1.0,1.0,0.0,0.0,2.0,1.0,3341,THEFT | BATTERY | CRIMINAL DAMAGE,31.9,22.2,12.1,46.9,12am–1am,Monday,Oct,STREET,1021,366.76,79.55777778,432,46,0.423114594,0.045053869,Abandoned Vehicle Complaint,7,All 3 Sources,1.0,0.2872320768662232,0.44311377245508976,0.18670132120424518,0.3494318181818182,0.49,Medium Risk
Ashburn,1.0,1.0,0.0,0.0,2.0,1.0,1965,BATTERY | THEFT | MOTOR VEHICLE THEFT,36.6,25.2,8.8,50.6,12am–1am,Friday,Oct,RESIDENCE,1520,342.32,145.7141667,645,27,0.424342105,0.017763158,Abandoned Vehicle Complaint,20,All 3 Sources,1.0,0.1601071692535107,0.5838323353293413,0.2947801602772363,0.5511363636363636,0.488,Medium Risk
Chatham,4.0,2.0,1.0,1.0,5.0,0.5,5122,BATTERY | THEFT | CRIMINAL DAMAGE,38.7,26.3,14.2,46.0,12am–1am,Friday,Jul,APARTMENT,1623,383.46,137.7361111,576,162,0.354898336,0.099815157,Abandoned Vehicle Complaint,18,All 3 Sources,0.4703389830508475,0.4517738359201774,0.6467065868263474,0.3170890188434048,0.48579545454545453,0.484,Medium Risk
Riverdale,2.0,2.0,0.0,0.0,3.0,1.0,1016,BATTERY | ASSAULT | CRIMINAL DAMAGE,50.5,36.5,12.2,46.5,9pm–10pm,Wednesday,Jul,RESIDENCE,206,372.81,88.02555556,139,23,0.674757282,0.111650485,Street Light Out Complaint,9,All 3 Sources,1.0,0.07243163340724317,1.0,0.010179770413688543,0.07196969696969698,0.484,Medium Risk
South Deering,1.0,1.0,0.0,0.0,2.0,1.0,1693,THEFT | BATTERY | CRIMINAL DAMAGE,35.9,22.3,14.9,46.0,12pm–1pm,Tuesday,Jul,STREET,1150,361.38,93.99111111,569,58,0.494782609,0.050434783,Street Light Out Complaint,16,All 3 Sources,1.0,0.13497782705099778,0.5628742514970059,0.21464154212692224,0.4791666666666667,0.462,Medium Risk
Dunning,1.0,1.0,0.0,0.0,2.0,1.0,1355,BATTERY | THEFT | OTHER OFFENSE,31.4,23.4,12.5,48.0,12am–1am,Sunday,Oct,STREET,2457,349.35,184.5065278,794,64,0.323158323,0.026048026,Abandoned Vehicle Complaint,13,All 3 Sources,1.0,0.10375092387287509,0.42814371257485023,0.49772579597141,0.6922348484848485,0.462,Medium Risk
South Lawndale,12.0,4.0,6.0,2.0,13.0,0.333,3589,BATTERY | THEFT | ASSAULT,42.9,22.4,23.3,49.6,12am–1am,Sunday,Jul,STREET,2257,436.43,143.3013889,889,64,0.393885689,0.028356225,Abandoned Vehicle Complaint,20,All 3 Sources,0.29343220338983056,0.3101441241685144,0.7724550898203593,0.4544076239982673,0.7821969696969697,0.436,Medium Risk
Loop,157.0,33.0,75.0,49.0,148.0,0.21,8275,THEFT | BATTERY | DECEPTIVE PRACTICE,24.7,3.8,19.7,38.1,3pm–4pm,Friday,Aug,STREET,931,227.19,55.05555556,719,11,0.772287863,0.011815252,Street Light Out Complaint,10,All 3 Sources,0.163135593220339,0.7430709534368071,0.22754491017964065,0.16720814381633095,0.6212121212121212,0.431,Medium Risk
South Chicago,5.0,2.0,2.0,1.0,8.0,0.4,3615,BATTERY | CRIMINAL DAMAGE | THEFT,39.5,27.7,14.8,51.8,12am–1am,Friday,Aug,STREET,1937,360.51,104.6419444,803,181,0.414558596,0.093443469,Abandoned Vehicle Complaint,14,All 3 Sources,0.364406779661017,0.31254619364375463,0.6706586826347305,0.3850985488412389,0.7007575757575758,0.424,Medium Risk
Calumet Heights,1.0,1.0,0.0,0.0,2.0,1.0,1253,THEFT | BATTERY | CRIMINAL DAMAGE,34.2,21.7,9.5,57.0,12am–1am,Monday,Aug,STREET,807,304.81,85.92013889,412,52,0.510532838,0.064436183,Street Light Out Complaint,19,All 3 Sources,1.0,0.09432742054693274,0.5119760479041917,0.14035087719298245,0.33049242424242425,0.421,Medium Risk
West Lawn,1.0,1.0,0.0,0.0,2.0,1.0,1625,THEFT | BATTERY | CRIMINAL DAMAGE,30.0,19.1,15.1,50.0,12am–1am,Friday,Aug,STREET,1428,373.04,116.8904167,350,11,0.245098039,0.007703081,Abandoned Vehicle Complaint,9,All 3 Sources,1.0,0.12869549150036955,0.38622754491017963,0.27485380116959063,0.27178030303030304,0.42,Medium Risk
West Pullman,,,,,,0.5,3072,BATTERY | THEFT | CRIMINAL DAMAGE,36.9,29.4,15.7,50.3,12am–1am,Monday,Jul,RESIDENCE,1717,497.97,134.2316667,695,275,0.404775772,0.160163075,Street Light Out Complaint,12,Crime + 311 Only,0.4703389830508475,0.262379896526238,0.5928143712574849,0.3374485596707819,0.5984848484848485,0.405,Medium Risk*
Brighton Park,3.0,2.0,0.0,1.0,4.0,0.667,2006,BATTERY | THEFT | CRIMINAL DAMAGE,37.3,23.5,14.8,52.0,12am–1am,Saturday,Oct,STREET,1650,308.56,117.5248611,562,37,0.340606061,0.022424242,Abandoned Vehicle Complaint,9,All 3 Sources,0.6472457627118644,0.16389504804138952,0.6047904191616765,0.32293697205977906,0.4725378787878788,0.404,Medium Risk
Humboldt Park,23.0,3.0,13.0,7.0,23.0,0.13,5739,BATTERY | NARCOTICS | THEFT,35.4,19.4,28.2,44.6,4pm–5pm,Sunday,May,STREET,2171,467.18,166.9166667,451,165,0.207738369,0.076001842,Abandoned Vehicle Complaint,7,All 3 Sources,0.07838983050847459,0.5087767923133777,0.5479041916167664,0.4357808100498159,0.36742424242424243,0.395,Lower Risk
Clearing,2.0,2.0,0.0,0.0,7.0,1.0,957,BATTERY | THEFT | CRIMINAL DAMAGE,32.0,23.9,11.4,52.6,12am–1am,Saturday,Sep,STREET,913,362.68,117.7352778,209,12,0.228915663,0.013143483,Abandoned Vehicle Complaint,10,All 3 Sources,1.0,0.06698078344419808,0.4461077844311377,0.1633095083387481,0.13825757575757575,0.389,Lower Risk
East Garfield Park,20.0,8.0,5.0,7.0,33.0,0.4,3547,BATTERY | THEFT | NARCOTICS,40.7,25.4,22.3,45.3,12am–1am,Sunday,Jul,STREET,1025,496.95,190.7088889,330,81,0.32195122,0.07902439,Abandoned Vehicle Complaint,7,All 3 Sources,0.364406779661017,0.3062638580931264,0.7065868263473054,0.18756768464370804,0.2528409090909091,0.386,Lower Risk
West Ridge,,,,,,0.5,3115,THEFT | BATTERY | CRIMINAL DAMAGE,31.5,17.7,10.5,48.7,12am–1am,Friday,Sep,APARTMENT,1984,489.55,197.9952778,419,25,0.211189516,0.012600806,Abandoned Vehicle Complaint,10,Crime + 311 Only,0.4703389830508475,0.26635254988913526,0.43113772455089816,0.39527831925492746,0.3371212121212121,0.367,Lower Risk*
West Town,83.0,8.0,47.0,28.0,88.0,0.096,6766,THEFT | CRIMINAL DAMAGE | BATTERY,21.6,8.0,8.3,49.1,12am–1am,Friday,Oct,STREET,2246,340.14,115.2318056,822,70,0.365983972,0.031166518,Abandoned Vehicle Complaint,11,All 3 Sources,0.04237288135593221,0.6036585365853658,0.1347305389221557,0.4520251245397444,0.71875,0.36,Lower Risk
Morgan Park,3.0,2.0,1.0,0.0,3.0,0.667,1818,THEFT | BATTERY | CRIMINAL DAMAGE,33.7,25.0,12.5,44.4,12pm–1pm,Friday,Jul,RESIDENCE,900,416.03,120.9519444,500,68,0.555555556,0.075555556,Street Light Out Complaint,20,All 3 Sources,0.6472457627118644,0.1465262379896526,0.4970059880239522,0.16049382716049382,0.41382575757575757,0.357,Lower Risk
Archer Heights,1.0,1.0,0.0,0.0,2.0,1.0,1010,THEFT | BATTERY | CRIMINAL DAMAGE,25.5,12.1,15.2,45.5,3pm–4pm,Friday,Jul,STREET,702,321.15,107.3616667,197,8,0.280626781,0.011396011,Abandoned Vehicle Complaint,9,All 3 Sources,1.0,0.07187730968218774,0.25149700598802394,0.11760883690708251,0.1268939393939394,0.347,Lower Risk
Hermosa,3.0,2.0,0.0,1.0,7.0,0.667,1162,BATTERY | THEFT | CRIMINAL DAMAGE,37.3,23.1,17.0,50.1,3pm–4pm,Monday,Dec,STREET,784,354.45,125.2044444,297,9,0.378826531,0.011479592,Abandoned Vehicle Complaint,15,All 3 Sources,0.6472457627118644,0.08592017738359202,0.6047904191616765,0.13536928741607104,0.2215909090909091,0.342,Lower Risk
Gage Park,2.0,1.0,1.0,0.0,3.0,0.5,2160,THEFT | BATTERY | CRIMINAL DAMAGE,33.6,21.0,12.2,50.6,7pm–8pm,Sunday,Jul,STREET,1766,357.75,100.8391667,476,31,0.269535674,0.017553794,Abandoned Vehicle Complaint,9,All 3 Sources,0.4703389830508475,0.17812269031781228,0.4940119760479042,0.34806151180420186,0.39109848484848486,0.342,Lower Risk
Lake View,62.0,12.0,21.0,29.0,59.0,0.194,5825,THEFT | BATTERY | DECEPTIVE PRACTICE,23.0,4.8,8.8,48.6,12am–1am,Saturday,Jun,STREET,1300,430.67,133.0345833,600,23,0.461538462,0.017692308,Street Light Out Complaint,8,All 3 Sources,0.14618644067796613,0.5167220990391722,0.17664670658682632,0.2471301711067793,0.5085227272727273,0.329,Lower Risk
Portage Park,3.0,1.0,2.0,0.0,6.0,0.333,2970,THEFT | BATTERY | CRIMINAL DAMAGE,27.6,17.3,22.2,49.1,12am–1am,Thursday,Jul,STREET,2576,366.11,196.9141667,710,69,0.275621118,0.026785714,Abandoned Vehicle Complaint,10,All 3 Sources,0.29343220338983056,0.2529563932002956,0.31437125748503,0.5235001082954299,0.6126893939393939,0.32,Lower Risk
Norwood Park,4.0,3.0,0.0,1.0,8.0,0.75,1071,THEFT | BATTERY | DECEPTIVE PRACTICE,24.8,14.1,13.1,48.9,12am–1am,Monday,Jul,STREET,1546,331.46,185.7183333,651,35,0.421086675,0.022639069,Abandoned Vehicle Complaint,20,All 3 Sources,0.7351694915254238,0.0775129342202513,0.2305389221556886,0.3004115226337449,0.5568181818181818,0.319,Lower Risk
Lower West Side,25.0,7.0,12.0,6.0,32.0,0.28,2669,THEFT | BATTERY | CRIMINAL DAMAGE,36.5,14.7,13.0,48.8,12am–1am,Sunday,May,STREET,1278,336.0,101.7538889,624,38,0.488262911,0.029733959,Street Light Out Complaint,20,All 3 Sources,0.23728813559322037,0.2251478196600148,0.5808383233532934,0.24236517218973358,0.53125,0.316,Lower Risk
Rogers Park,31.0,8.0,8.0,15.0,35.0,0.258,3531,THEFT | BATTERY | CRIMINAL DAMAGE,34.3,17.7,17.9,44.9,12pm–1pm,Wednesday,Aug,APARTMENT,1239,510.0,191.2436111,311,16,0.251008878,0.01291364,Abandoned Vehicle Complaint,11,All 3 Sources,0.21398305084745764,0.3047856614929786,0.5149700598802394,0.23391812865497075,0.23484848484848486,0.314,Lower Risk
Uptown,39.0,9.0,14.0,16.0,42.0,0.231,3982,THEFT | BATTERY | CRIMINAL DAMAGE,32.0,11.0,12.8,42.6,12am–1am,Wednesday,Jul,APARTMENT,1096,474.32,157.9552778,438,13,0.399635036,0.011861314,Abandoned Vehicle Complaint,9,All 3 Sources,0.18538135593220342,0.3464523281596452,0.4461077844311377,0.2029456356941737,0.35511363636363635,0.312,Lower Risk
Irving Park,7.0,3.0,4.0,0.0,10.0,0.429,2200,THEFT | BATTERY | CRIMINAL DAMAGE,28.7,16.4,11.0,49.0,12am–1am,Friday,Jul,STREET,2034,384.41,134.8969444,651,41,0.320058997,0.020157325,Abandoned Vehicle Complaint,16,All 3 Sources,0.3951271186440678,0.18181818181818182,0.34730538922155685,0.4061078622482131,0.5568181818181818,0.309,Lower Risk
Woodlawn,6.0,1.0,3.0,2.0,13.0,0.167,3632,THEFT | BATTERY | CRIMINAL DAMAGE,38.0,23.2,14.5,47.6,12am–1am,Monday,Oct,APARTMENT,860,464.78,153.5080556,263,79,0.305813953,0.091860465,Abandoned Vehicle Complaint,8,All 3 Sources,0.11758474576271188,0.31411677753141165,0.625748502994012,0.1518301927658653,0.1893939393939394,0.305,Lower Risk
Garfield Ridge,,,,,,0.5,1882,THEFT | BATTERY | CRIMINAL DAMAGE,27.3,15.1,16.8,52.4,12am–1am,Friday,Aug,STREET,1629,278.46,84.85333333,680,25,0.417434009,0.015346839,Abandoned Vehicle Complaint,20,Crime + 311 Only,0.4703389830508475,0.1524390243902439,0.3053892215568862,0.3183885640025991,0.584280303030303,0.301,Lower Risk*
Forest Glen,1.0,1.0,0.0,0.0,2.0,1.0,385,THEFT | BATTERY | BURGLARY,21.0,17.4,9.1,49.9,12am–1am,Thursday,Jun,STREET,630,299.47,122.2483333,307,11,0.487301587,0.017460317,Street Light Out Complaint,21,All 3 Sources,1.0,0.014135254988913526,0.11676646706586823,0.10201429499675113,0.23106060606060605,0.301,Lower Risk
East Side,7.0,3.0,3.0,1.0,8.0,0.429,1335,BATTERY | CRIMINAL DAMAGE | THEFT,36.0,23.2,12.6,54.8,8pm–9pm,Sunday,Apr,STREET,1291,294.51,94.35333333,548,12,0.424477149,0.00929512,Abandoned Vehicle Complaint,20,All 3 Sources,0.3951271186440678,0.10190317812269031,0.5658682634730539,0.24518085336798787,0.45928030303030304,0.3,Lower Risk
Fuller Park,,,,,,0.5,663,BATTERY | THEFT | ASSAULT,43.1,15.1,21.3,50.5,12pm–1pm,Monday,Jun,STREET,238,359.29,68.93930556,101,32,0.424369748,0.134453782,Street Light Out Complaint,7,Crime + 311 Only,0.4703389830508475,0.03981892091648189,0.7784431137724551,0.01711067792939138,0.03598484848484849,0.293,Lower Risk*
Douglas,12.0,4.0,6.0,2.0,14.0,0.333,2934,THEFT | BATTERY | CRIMINAL DAMAGE,30.8,14.8,11.5,48.2,12am–1am,Wednesday,Jun,STREET,626,238.83,65.40222222,390,11,0.623003195,0.017571885,Street Light Out Complaint,22,All 3 Sources,0.29343220338983056,0.24963045084996305,0.4101796407185629,0.10114793155728828,0.3096590909090909,0.281,Lower Risk
Avalon Park,,,,,,0.5,1016,BATTERY | THEFT | CRIMINAL DAMAGE,36.9,24.0,11.1,49.9,12am–1am,Monday,Jul,STREET,565,313.67,109.5286111,220,52,0.389380531,0.092035398,Abandoned Vehicle Complaint,7,Crime + 311 Only,0.4703389830508475,0.07243163340724317,0.5928143712574849,0.08793588910547975,0.14867424242424243,0.281,Lower Risk*
Logan Square,54.0,8.0,30.0,16.0,54.0,0.148,4369,THEFT | CRIMINAL DAMAGE | BATTERY,22.7,10.9,15.7,48.0,6pm–7pm,Wednesday,Aug,STREET,2026,368.28,138.2286111,628,69,0.309970385,0.034057256,Abandoned Vehicle Complaint,14,All 3 Sources,0.09745762711864407,0.3822062084257206,0.16766467065868257,0.40437513536928743,0.5350378787878788,0.278,Lower Risk
Kenwood,,,,,,0.5,2000,THEFT | BATTERY | CRIMINAL DAMAGE,29.9,23.4,7.7,45.7,12am–1am,Monday,Jul,APARTMENT,481,383.77,103.695,200,11,0.415800416,0.022869023,Abandoned Vehicle Complaint,7,Crime + 311 Only,0.4703389830508475,0.16334072431633406,0.38323353293413165,0.0697422568767598,0.12973484848484848,0.273,Lower Risk*
West Elsdon,,,,,,0.5,881,BATTERY | THEFT | CRIMINAL DAMAGE,34.4,21.8,12.5,50.3,12am–1am,Wednesday,Jun,STREET,889,317.07,119.755,234,8,0.263217098,0.008998875,Abandoned Vehicle Complaint,8,Crime + 311 Only,0.4703389830508475,0.059959349593495935,0.5179640718562873,0.15811132770197098,0.16193181818181818,0.269,Lower Risk*
Pullman,2.0,1.0,0.0,1.0,2.0,0.5,1001,THEFT | BATTERY | CRIMINAL DAMAGE,35.7,21.3,20.9,44.9,12am–1am,Monday,Oct,RESIDENCE,434,381.09,115.9688889,182,34,0.419354839,0.078341014,Abandoned Vehicle Complaint,9,All 3 Sources,0.4703389830508475,0.07104582409460458,0.5568862275449102,0.05956248646307126,0.11268939393939394,0.269,Lower Risk
Albany Park,11.0,3.0,3.0,5.0,18.0,0.273,2174,THEFT | BATTERY | CRIMINAL DAMAGE,33.9,16.8,15.7,48.0,12am–1am,Friday,Aug,STREET,1148,433.5,174.0116667,332,31,0.289198606,0.027003484,Abandoned Vehicle Complaint,14,All 3 Sources,0.22987288135593226,0.1794161123429416,0.5029940119760479,0.21420836040719082,0.2547348484848485,0.264,Lower Risk
Beverly,2.0,1.0,1.0,0.0,2.0,0.5,929,THEFT | BATTERY | CRIMINAL DAMAGE,28.1,19.9,11.5,46.2,12am–1am,Friday,Oct,STREET,859,281.91,77.31944444,554,14,0.644935972,0.016298021,Street Light Out Complaint,21,All 3 Sources,0.4703389830508475,0.06439393939393939,0.32934131736526945,0.15161360190599957,0.4649621212121212,0.248,Lower Risk
Edgewater,48.0,10.0,20.0,18.0,45.0,0.208,2754,THEFT | BATTERY | ASSAULT,30.5,13.4,12.2,43.0,12am–1am,Wednesday,Apr,APARTMENT,1013,592.83,257.7961111,328,20,0.323790721,0.019743337,Abandoned Vehicle Complaint,9,All 3 Sources,0.1610169491525424,0.23300073909830007,0.40119760479041916,0.18496859432531948,0.2509469696969697,0.245,Lower Risk
Oakland,,,,,,0.5,829,BATTERY | THEFT | MOTOR VEHICLE THEFT,33.5,24.0,9.3,55.2,12am–1am,Saturday,Jul,APARTMENT,175,406.76,161.5666667,63,5,0.36,0.028571429,Abandoned Vehicle Complaint,12,Crime + 311 Only,0.4703389830508475,0.05515521064301552,0.49101796407185627,0.0034654537578514186,0.0,0.238,Lower Risk*
Hegewisch,2.0,1.0,1.0,0.0,3.0,0.5,727,CRIMINAL DAMAGE | BATTERY | THEFT,29.4,22.4,6.9,53.5,12am–1am,Monday,Jun,STREET,620,265.45,69.26263889,381,16,0.614516129,0.025806452,Street Light Out Complaint,21,All 3 Sources,0.4703389830508475,0.04573170731707317,0.3682634730538921,0.099848386398094,0.30113636363636365,0.235,Lower Risk
McKinley Park,4.0,2.0,2.0,0.0,9.0,0.5,907,THEFT | BATTERY | CRIMINAL DAMAGE,29.2,16.1,15.4,43.3,3pm–4pm,Friday,Sep,STREET,637,326.78,116.705,227,14,0.356357928,0.021978022,Abandoned Vehicle Complaint,10,All 3 Sources,0.4703389830508475,0.06236141906873614,0.3622754491017964,0.10353043101581114,0.1553030303030303,0.233,Lower Risk
Mount Greenwood,2.0,1.0,1.0,0.0,3.0,0.5,508,THEFT | BATTERY | DECEPTIVE PRACTICE,31.3,27.0,6.9,49.0,12am–1am,Friday,Nov,RESIDENCE,413,285.19,93.67416667,238,17,0.576271186,0.041162228,Street Light Out Complaint,14,All 3 Sources,0.4703389830508475,0.025498891352549888,0.4251497005988024,0.05501407840589127,0.16571969696969696,0.227,Lower Risk
Burnside,,,,,,0.5,254,THEFT | BATTERY | CRIMINAL DAMAGE,35.0,22.8,6.7,50.4,11am–12pm,Friday,Apr,RESIDENCE,159,537.4,143.7430556,67,21,0.421383648,0.132075472,Street Light Out Complaint,9,Crime + 311 Only,0.4703389830508475,0.0020325203252032522,0.5359281437125748,0.0,0.003787878787878788,0.226,Lower Risk*
North Park,2.0,1.0,0.0,1.0,2.0,0.5,897,THEFT | BATTERY | CRIMINAL DAMAGE,27.9,14.7,10.3,43.4,2pm–3pm,Friday,Aug,STREET,637,368.46,162.8505556,209,10,0.328100471,0.015698587,Abandoned Vehicle Complaint,15,All 3 Sources,0.4703389830508475,0.061437546193643756,0.3233532934131736,0.10353043101581114,0.13825757575757575,0.224,Lower Risk
Montclare,2.0,1.0,1.0,0.0,2.0,0.5,660,THEFT | BATTERY | CRIMINAL DAMAGE,28.2,20.8,10.0,52.9,12am–1am,Saturday,Jul,STREET,737,341.85,138.9244444,294,32,0.398914518,0.043419267,Abandoned Vehicle Complaint,13,All 3 Sources,0.4703389830508475,0.03954175905395418,0.3323353293413173,0.1251895170023825,0.21875,0.223,Lower Risk
Bridgeport,10.0,2.0,4.0,4.0,10.0,0.2,1633,THEFT | BATTERY | CRIMINAL DAMAGE,29.6,18.1,12.6,47.3,12am–1am,Friday,Aug,STREET,1400,270.35,85.17,493,39,0.352142857,0.027857143,Abandoned Vehicle Complaint,7,All 3 Sources,0.15254237288135597,0.12943458980044345,0.37425149700598803,0.26878925709335066,0.4071969696969697,0.212,Lower Risk
O'Hare,,,,,,0.5,1554,THEFT | BATTERY | DECEPTIVE PRACTICE,22.4,7.8,18.4,43.1,12pm–1pm,Monday,May,AIRPORT TERMINAL UPPER LEVEL - SECURE AREA,529,235.82,120.0202778,142,1,0.268431002,0.001890359,Abandoned Vehicle Complaint,7,Crime + 311 Only,0.4703389830508475,0.1221359940872136,0.15868263473053884,0.08013861815031406,0.07481060606060606,0.21,Lower Risk*
Lincoln Park,67.0,10.0,24.0,33.0,64.0,0.149,3774,THEFT | CRIMINAL DAMAGE | DECEPTIVE PRACTICE,17.1,4.5,6.9,42.9,12pm–1pm,Saturday,Jul,STREET,1274,481.88,156.0258333,630,71,0.494505495,0.055729984,Street Light Out Complaint,21,All 3 Sources,0.09851694915254237,0.32723577235772355,0.0,0.24149880875027074,0.5369318181818182,0.207,Lower Risk
Edison Park,,,,,,0.5,232,BATTERY | THEFT | DECEPTIVE PRACTICE,29.3,17.7,9.1,50.0,9pm–10pm,Friday,Jun,RESIDENCE,386,418.65,157.0722222,187,20,0.484455959,0.051813472,Street Light Out Complaint,21,Crime + 311 Only,0.4703389830508475,0.0,0.3652694610778443,0.049166125189517004,0.11742424242424243,0.201,Lower Risk*
Lincoln Square,12.0,3.0,6.0,3.0,15.0,0.25,1859,THEFT | BATTERY | CRIMINAL DAMAGE,26.4,8.8,9.9,41.9,12pm–1pm,Tuesday,Apr,STREET,1007,459.51,136.3722222,315,11,0.312810328,0.010923535,Abandoned Vehicle Complaint,11,All 3 Sources,0.2055084745762712,0.1503141167775314,0.278443113772455,0.1836690491661252,0.23863636363636365,0.197,Lower Risk
Avondale,14.0,3.0,5.0,6.0,14.0,0.214,2178,THEFT | BATTERY | CRIMINAL DAMAGE,24.1,13.9,13.5,45.1,3pm–4pm,Friday,Jun,STREET,1194,386.07,135.3002778,327,18,0.273869347,0.015075377,Abandoned Vehicle Complaint,15,All 3 Sources,0.1673728813559322,0.17978566149297856,0.2095808383233533,0.22417153996101363,0.25,0.191,Lower Risk
Near South Side,27.0,2.0,16.0,9.0,27.0,0.074,2325,THEFT | BATTERY | MOTOR VEHICLE THEFT,30.7,13.4,16.8,49.1,12am–1am,Sunday,Jul,STREET,398,244.41,85.21652778,232,7,0.582914573,0.01758794,Street Light Out Complaint,9,All 3 Sources,0.019067796610169486,0.19336659275683665,0.4071856287425149,0.05176521550790557,0.16003787878787878,0.177,Lower Risk
Hyde Park,35.0,6.0,18.0,11.0,28.0,0.171,2514,THEFT | CRIMINAL DAMAGE | BATTERY,23.1,11.7,6.4,45.1,2pm–3pm,Friday,Jun,STREET,510,323.59,103.4040278,301,3,0.590196078,0.005882353,Street Light Out Complaint,21,All 3 Sources,0.12182203389830511,0.21082779009608277,0.17964071856287425,0.07602339181286549,0.22537878787878787,0.17,Lower Risk
Jefferson Park,6.0,1.0,3.0,2.0,6.0,0.167,847,BATTERY | THEFT | CRIMINAL DAMAGE,32.6,16.6,15.6,50.2,12am–1am,Friday,Aug,STREET,916,396.94,264.0125,235,17,0.256550218,0.018558952,Abandoned Vehicle Complaint,10,All 3 Sources,0.11758474576271188,0.056818181818181816,0.46407185628742514,0.16395928091834525,0.16287878787878787,0.169,Lower Risk
Armour Square,18.0,1.0,9.0,8.0,18.0,0.056,1123,THEFT | BATTERY | CRIMINAL DAMAGE,34.3,12.1,14.2,53.6,12am–1am,Saturday,Aug,STREET,570,185.48,39.34305556,349,7,0.612280702,0.012280702,Street Light Out Complaint,21,All 3 Sources,0.0,0.08231707317073171,0.5149700598802394,0.08901884340480831,0.2708333333333333,0.158,Lower Risk
North Center,4.0,1.0,1.0,2.0,3.0,0.25,1277,THEFT | CRIMINAL DAMAGE | BATTERY,20.8,9.5,5.7,48.7,12am–1am,Friday,Oct,STREET,1021,437.54,169.8688889,245,37,0.239960823,0.036238981,Abandoned Vehicle Complaint,8,All 3 Sources,0.2055084745762712,0.09654471544715447,0.11077844311377244,0.18670132120424518,0.17234848484848486,0.139,Lower Risk
