neighborhood,reddit_has_data,reddit_total_posts,reddit_fearful_count,reddit_reassuring_count,reddit_neutral_count,reddit_fear_ratio_pct,reddit_night_posts,reddit_night_fear_pct,reddit_female_posts,reddit_female_fearful_count,reddit_top_safety_keywords,reddit_fearful_titles,reddit_reassuring_titles,reddit_fearful_text_snippets,reddit_female_fearful_titles,reddit_year_range,reddit_summary
Albany Park,True,11,3,5,3,27.3,5,40,4,2,"dangerous, scary, danger, mugged, dark",Why do people say the city is more dangerous than it is? | Albany Park safety- bw Central Park/Sunnyside CP/Montrose | How dangerous is your neighborhood?,Living in Albany Park | How safe is Albany Park for a summer intern?,"How dangerous is your neighborhood? In an attempt to avoid any real work, I rank ordered Chicago's community areas by their 2016 homicide rate per 100,000.  

For comparison Chicago's overall rate for 2016 was 27.6. St. Louis' was 59.3  
St. Louis' w ||| Why do people say the city is more dangerous than it is? Before I start, I'm not trying to be confrontational or dismissive. I'm genuinely confused at how people seem to overstate crime in many parts of the city. I feel like I'm missing perspective.  ||| Albany Park safety- bw Central Park/Sunnyside CP/Montrose Hi all, we’ve always wanted to live in Albany Park and we’d really like to buy a place that’s on Central Park Ave between Sunnyside and Montrose. But now I’m getting cold feet looking on Reddi",Albany Park safety- bw Central Park/Sunnyside CP/Montrose | How dangerous is your neighborhood?,2010–2026,Reddit community members share mixed experiences about Albany Park. 11 posts analyzed between 2010 and 2026. 27.3% of posts express fear or concern. Most commonly mentioned safety concern: dangerous. Night-time fear rate: 40%.
Archer Heights,True,1,1,0,0,100.0,1,100,1,1,"avoid, dangerous",How dangerous is your neighborhood?,,"How dangerous is your neighborhood? In an attempt to avoid any real work, I rank ordered Chicago's community areas by their 2016 homicide rate per 100,000.  

For comparison Chicago's overall rate for 2016 was 27.6. St. Louis' was 59.3  
St. Louis' w",How dangerous is your neighborhood?,2017–2017,Reddit community members frequently express concern about Archer Heights. 1 posts analyzed between 2017 and 2017. 100.0% of posts express fear or concern. Most commonly mentioned safety concern: avoid. Night-time fear rate: 100%.
Armour Square,True,18,1,8,9,5.6,7,0,6,1,"avoid, afraid, fear",Is it safe to visit Chicago given ICE?,How safe is the Red Line at night around Uptown? | Can you please critique my itinerary/give suggestions for next time?,Is it safe to visit Chicago given ICE? I am Chinese American and I plan to hang out on the Chinatown area.  My friend is telling me that I should avoid going to Chicago because ICE is targeting East Asians like me.  She is also telling me to carry my,Is it safe to visit Chicago given ICE?,2012–2026,Reddit community members are mostly positive about Armour Square. 18 posts analyzed between 2012 and 2026. 5.6% of posts express fear or concern. Most commonly mentioned safety concern: avoid. Night-time fear rate: 0%.
Ashburn,True,1,1,0,0,100.0,1,100,1,1,"avoid, dangerous",How dangerous is your neighborhood?,,"How dangerous is your neighborhood? In an attempt to avoid any real work, I rank ordered Chicago's community areas by their 2016 homicide rate per 100,000.  

For comparison Chicago's overall rate for 2016 was 27.6. St. Louis' was 59.3  
St. Louis' w",How dangerous is your neighborhood?,2017–2017,Reddit community members frequently express concern about Ashburn. 1 posts analyzed between 2017 and 2017. 100.0% of posts express fear or concern. Most commonly mentioned safety concern: avoid. Night-time fear rate: 100%.
Auburn Gresham,True,3,3,0,0,100.0,2,100,2,2,"avoid, dangerous, unsafe","Is auburn Gresham a safe neighborhood? | How dangerous is your neighborhood? | Thoughts on South Shore, Auburn Gresham, and/or Chatham neighborhoods?",,"How dangerous is your neighborhood? In an attempt to avoid any real work, I rank ordered Chicago's community areas by their 2016 homicide rate per 100,000.  

For comparison Chicago's overall rate for 2016 was 27.6. St. Louis' was 59.3  
St. Louis' w ||| Thoughts on South Shore, Auburn Gresham, and/or Chatham neighborhoods? Anyone live/ hang out in South Shore, Auburn Gresham, or Chatham? What do you think of these areas? They keep popping up in my apartment hunt and I'm having trouble figuring out i ||| Is auburn Gresham a safe neighborhood? My mother in law is considering closing on a house in Auburn Gresham. She said it's safe and wants us to come visit. We have 2 kids (2 mo and 2 yo) and based on my findings I would feel troubled bringing them to",How dangerous is your neighborhood? | Is auburn Gresham a safe neighborhood?,2016–2025,Reddit community members frequently express concern about Auburn Gresham. 3 posts analyzed between 2016 and 2025. 100.0% of posts express fear or concern. Most commonly mentioned safety concern: avoid. Night-time fear rate: 100%.
Austin,True,23,8,6,9,34.8,10,40,9,2,"dangerous, avoid, worried","Parts of Austin, Chicago to avoid? | And Chicago's most dangerous/safest neighborhoods are... Thanking god I don't live in Austin.  | National Shrine of St. Jude - Chicago South Side? | How dangerous is your neighborhood?","""NoCrimeNovember"" Post-Mortem Review - and changes to our moderation policies | Planning Exploratory Visit","Common stereotype question How come everyone who doesn’t live in Chicago thinks the South Side of Chicago is so horrible but they never mention the West Side? They have Austin and East Garfield Park over there, some of the most dangerous neighborhood ||| How dangerous is your neighborhood? In an attempt to avoid any real work, I rank ordered Chicago's community areas by their 2016 homicide rate per 100,000.  

For comparison Chicago's overall rate for 2016 was 27.6. St. Louis' was 59.3  
St. Louis' w ||| Parts of Austin, Chicago to avoid? Hello, I recently moved onto Austin Blvd. by the Greenline on the border of Oak Park and Austin. I know further east into Austin is definitely more dangerous, but I also know a lot of predominately minority communit","How dangerous is your neighborhood? | Neighborhoods for 40+, No Kids",2012–2025,Reddit community members share mixed experiences about Austin. 23 posts analyzed between 2012 and 2025. 34.8% of posts express fear or concern. Most commonly mentioned safety concern: dangerous. Night-time fear rate: 40%.
Avalon Park,False,0,0,0,0,0.0,0,0,0,0,,,,,,,No Reddit community data available for Avalon Park.
Avondale,True,14,3,6,5,21.4,4,25,6,2,"avoid, followed, scared, dark, dangerous",Avondale/Logan Square - Stray/lost dog spotted | How dangerous is your neighborhood? | Can we discuss Down-zoning?,"Neighborhoods to Move to Chicago? | Moving to Chicago, was hoping to get some local input on University Village/Pilsen/Bridgeport/Logan Square/Avondale.","Avondale/Logan Square - Stray/lost dog spotted Hi everyone - not sure if this is the correct way or place to do this, but the situation breaks my heart. Two nights ago my brother in law slammed on the breaks on Belmont and Drake to avoid hitting a st ||| How dangerous is your neighborhood? In an attempt to avoid any real work, I rank ordered Chicago's community areas by their 2016 homicide rate per 100,000.  

For comparison Chicago's overall rate for 2016 was 27.6. St. Louis' was 59.3  
St. Louis' w ||| Can we discuss Down-zoning? So I live in the Avondale neighborhood right by where the raucous [Alderman Rosa meeting occurred last week] (). My problem is that after reading a variety of articles, and going through some of Rosa's [Community Driven Zo",Avondale/Logan Square - Stray/lost dog spotted | How dangerous is your neighborhood?,2013–2026,Reddit community members are mostly positive about Avondale. 14 posts analyzed between 2013 and 2026. 21.4% of posts express fear or concern. Most commonly mentioned safety concern: avoid. Night-time fear rate: 25%.
Belmont Cragin,True,2,2,0,0,100.0,2,100,1,1,"dangerous, scary, danger, mugged, dark",Why do people say the city is more dangerous than it is? | How dangerous is your neighborhood?,,"How dangerous is your neighborhood? In an attempt to avoid any real work, I rank ordered Chicago's community areas by their 2016 homicide rate per 100,000.  

For comparison Chicago's overall rate for 2016 was 27.6. St. Louis' was 59.3  
St. Louis' w ||| Why do people say the city is more dangerous than it is? Before I start, I'm not trying to be confrontational or dismissive. I'm genuinely confused at how people seem to overstate crime in many parts of the city. I feel like I'm missing perspective. ",How dangerous is your neighborhood?,2017–2025,Reddit community members frequently express concern about Belmont Cragin. 2 posts analyzed between 2017 and 2025. 100.0% of posts express fear or concern. Most commonly mentioned safety concern: dangerous. Night-time fear rate: 100%.
Beverly,True,2,1,0,1,50.0,2,50,1,1,"avoid, dangerous",How dangerous is your neighborhood?,,"How dangerous is your neighborhood? In an attempt to avoid any real work, I rank ordered Chicago's community areas by their 2016 homicide rate per 100,000.  

For comparison Chicago's overall rate for 2016 was 27.6. St. Louis' was 59.3  
St. Louis' w",How dangerous is your neighborhood?,2017–2026,Reddit community members frequently express concern about Beverly. 2 posts analyzed between 2017 and 2026. 50.0% of posts express fear or concern. Most commonly mentioned safety concern: avoid. Night-time fear rate: 50%.
Bridgeport,True,10,2,4,4,20.0,5,20,5,1,"avoid, dangerous",How dangerous is your neighborhood? | I'm a Chicago Native and Repatriate. Is Bridgheport safe now?,Staying in Bridgeport for the summer with a few friends. We’re 22 and from Ireland. Any recommendations/advice on the area would be appreciated | How safe is the Red Line at night around Uptown?,"How dangerous is your neighborhood? In an attempt to avoid any real work, I rank ordered Chicago's community areas by their 2016 homicide rate per 100,000.  

For comparison Chicago's overall rate for 2016 was 27.6. St. Louis' was 59.3  
St. Louis' w ||| I'm a Chicago Native and Repatriate. Is Bridgheport safe now? I'm from Chicago and I went to De La Salle in the 90s. I moved back last year and folks keep recommending events in Bridgeport to me.... like Lennard Clark didn't get beaten to a pulp at 1",How dangerous is your neighborhood?,2013–2025,Reddit community members are mostly positive about Bridgeport. 10 posts analyzed between 2013 and 2025. 20.0% of posts express fear or concern. Most commonly mentioned safety concern: avoid. Night-time fear rate: 20%.
Brighton Park,True,3,2,1,0,66.7,1,100,2,1,"avoid, dangerous, attacked",College student attacked with crowbar in attempted Brighton Park carjacking: 'I still can't believe I'm alive' | How dangerous is your neighborhood?,Moving to Chicago: how are SW neighborhoods?,"College student attacked with crowbar in attempted Brighton Park carjacking: 'I still can't believe I'm alive'  ||| How dangerous is your neighborhood? In an attempt to avoid any real work, I rank ordered Chicago's community areas by their 2016 homicide rate per 100,000.  

For comparison Chicago's overall rate for 2016 was 27.6. St. Louis' was 59.3  
St. Louis' w",How dangerous is your neighborhood?,2017–2025,Reddit community members frequently express concern about Brighton Park. 3 posts analyzed between 2017 and 2025. 66.7% of posts express fear or concern. Most commonly mentioned safety concern: avoid. Night-time fear rate: 100%.
Burnside,False,0,0,0,0,0.0,0,0,0,0,,,,,,,No Reddit community data available for Burnside.
Calumet Heights,True,1,1,0,0,100.0,1,100,1,1,"avoid, dangerous",How dangerous is your neighborhood?,,"How dangerous is your neighborhood? In an attempt to avoid any real work, I rank ordered Chicago's community areas by their 2016 homicide rate per 100,000.  

For comparison Chicago's overall rate for 2016 was 27.6. St. Louis' was 59.3  
St. Louis' w",How dangerous is your neighborhood?,2017–2017,Reddit community members frequently express concern about Calumet Heights. 1 posts analyzed between 2017 and 2017. 100.0% of posts express fear or concern. Most commonly mentioned safety concern: avoid. Night-time fear rate: 100%.
Chatham,True,4,2,1,1,50.0,2,50,2,1,"avoid, dangerous","How dangerous is your neighborhood? | Thoughts on South Shore, Auburn Gresham, and/or Chatham neighborhoods?",Hey /r/Chicago - visiting Chicago the weekend of 8/25 and curious about a Donut shop!,"How dangerous is your neighborhood? In an attempt to avoid any real work, I rank ordered Chicago's community areas by their 2016 homicide rate per 100,000.  

For comparison Chicago's overall rate for 2016 was 27.6. St. Louis' was 59.3  
St. Louis' w ||| Thoughts on South Shore, Auburn Gresham, and/or Chatham neighborhoods? Anyone live/ hang out in South Shore, Auburn Gresham, or Chatham? What do you think of these areas? They keep popping up in my apartment hunt and I'm having trouble figuring out i",How dangerous is your neighborhood?,2011–2017,Reddit community members frequently express concern about Chatham. 4 posts analyzed between 2011 and 2017. 50.0% of posts express fear or concern. Most commonly mentioned safety concern: avoid. Night-time fear rate: 50%.
Chicago Lawn,True,1,1,0,0,100.0,1,100,1,1,"avoid, dangerous",How dangerous is your neighborhood?,,"How dangerous is your neighborhood? In an attempt to avoid any real work, I rank ordered Chicago's community areas by their 2016 homicide rate per 100,000.  

For comparison Chicago's overall rate for 2016 was 27.6. St. Louis' was 59.3  
St. Louis' w",How dangerous is your neighborhood?,2017–2017,Reddit community members frequently express concern about Chicago Lawn. 1 posts analyzed between 2017 and 2017. 100.0% of posts express fear or concern. Most commonly mentioned safety concern: avoid. Night-time fear rate: 100%.
Clearing,True,2,2,0,0,100.0,2,100,1,1,"dangerous, scary, danger, mugged, dark",Why do people say the city is more dangerous than it is? | How dangerous is your neighborhood?,,"How dangerous is your neighborhood? In an attempt to avoid any real work, I rank ordered Chicago's community areas by their 2016 homicide rate per 100,000.  

For comparison Chicago's overall rate for 2016 was 27.6. St. Louis' was 59.3  
St. Louis' w ||| Why do people say the city is more dangerous than it is? Before I start, I'm not trying to be confrontational or dismissive. I'm genuinely confused at how people seem to overstate crime in many parts of the city. I feel like I'm missing perspective. ",How dangerous is your neighborhood?,2017–2025,Reddit community members frequently express concern about Clearing. 2 posts analyzed between 2017 and 2025. 100.0% of posts express fear or concern. Most commonly mentioned safety concern: dangerous. Night-time fear rate: 100%.
Douglas,True,5,3,0,2,60.0,2,50,1,1,"dangerous, scared, avoid",Douglas park safety recommendation? | How dangerous is your neighborhood? | Why is the Northside of Chicago considered the good part while the South is all bad?,,"How dangerous is your neighborhood? In an attempt to avoid any real work, I rank ordered Chicago's community areas by their 2016 homicide rate per 100,000.  

For comparison Chicago's overall rate for 2016 was 27.6. St. Louis' was 59.3  
St. Louis' w ||| Douglas park safety recommendation? Hello,

I just moved to the little village area recently and I have a toddler who loves parks. It seems like the only park close to me is Douglas park. I was wondering if it would be safe to walk over there with a  ||| Why is the Northside of Chicago considered the good part while the South is all bad? Many points of interests and desirable neighborhoods in Chicago are all situated in the Northside, while Hyde Park seems to be the exception in the South. Even a sim",How dangerous is your neighborhood?,2014–2025,Reddit community members frequently express concern about Douglas. 5 posts analyzed between 2014 and 2025. 60.0% of posts express fear or concern. Most commonly mentioned safety concern: dangerous. Night-time fear rate: 50%.
Dunning,True,1,1,0,0,100.0,1,100,1,1,"avoid, dangerous",How dangerous is your neighborhood?,,"How dangerous is your neighborhood? In an attempt to avoid any real work, I rank ordered Chicago's community areas by their 2016 homicide rate per 100,000.  

For comparison Chicago's overall rate for 2016 was 27.6. St. Louis' was 59.3  
St. Louis' w",How dangerous is your neighborhood?,2017–2017,Reddit community members frequently express concern about Dunning. 1 posts analyzed between 2017 and 2017. 100.0% of posts express fear or concern. Most commonly mentioned safety concern: avoid. Night-time fear rate: 100%.
East Garfield Park,True,15,5,6,4,33.3,8,50,4,1,"dangerous, scary, danger, mugged, dark",Why do people say the city is more dangerous than it is? | How dangerous is your neighborhood? | Common stereotype question,Robbed/Physically &amp; Mentally Assaulted in West Side Chicago/Garfield Park | Garfield Park Conservatory as a Wedding Venue?,"Common stereotype question How come everyone who doesn’t live in Chicago thinks the South Side of Chicago is so horrible but they never mention the West Side? They have Austin and East Garfield Park over there, some of the most dangerous neighborhood ||| Is this a safe neighborhood to live in? Looking at places close to the West Loop. I hear Garfield park can be dangerous.

What about this location?

[https://postimg.cc/rRWnCVJ2](https://postimg.cc/rRWnCVJ2)

&amp;#x200B;

Update: Seems as this neigh ||| How dangerous is your neighborhood? In an attempt to avoid any real work, I rank ordered Chicago's community areas by their 2016 homicide rate per 100,000.  

For comparison Chicago's overall rate for 2016 was 27.6. St. Louis' was 59.3  
St. Louis' w",How dangerous is your neighborhood?,2014–2025,Reddit community members share mixed experiences about East Garfield Park. 15 posts analyzed between 2014 and 2025. 33.3% of posts express fear or concern. Most commonly mentioned safety concern: dangerous. Night-time fear rate: 50%.
East Side,True,7,3,1,3,42.9,3,67,2,1,"avoid, dangerous, worried",Moving to Uptown | How dangerous is your neighborhood? | anyone know anybody who is hiring teens for summer jobs?,Humboldt Park East and South Safe?,"How dangerous is your neighborhood? In an attempt to avoid any real work, I rank ordered Chicago's community areas by their 2016 homicide rate per 100,000.  

For comparison Chicago's overall rate for 2016 was 27.6. St. Louis' was 59.3  
St. Louis' w ||| anyone know anybody who is hiring teens for summer jobs? hii, 16f here! i'm looking for a summer job that's in the east side-downtown area. i've looked on indeed and linkedin, but not much seems to interest me. i've looked into after school matters a ||| Moving to Uptown I am currently located in Rogers Park, but will be relocating to Uptown at the end of March. I've visited the area and love my new apartment (far east side), although I am a bit worried about the crime rates. I just did some research",How dangerous is your neighborhood?,2017–2026,Reddit community members share mixed experiences about East Side. 7 posts analyzed between 2017 and 2026. 42.9% of posts express fear or concern. Most commonly mentioned safety concern: avoid. Night-time fear rate: 67%.
Edgewater,True,40,9,16,15,22.5,12,50,17,6,"dangerous, alone, suspicious, harassed, afraid","ladies of andersonville please be safe walking at night! | Public Safety - Please Be Careful | Chicago, I need advice about terrible apartment complex | Why is Uptown/Edgewater dangerous? Or are crime maps lying to me?",Is Edgewater cool late at night? | Neighborhoods to Move to Chicago?,"Chicago, I need advice about terrible apartment complex My little sister moved into her first apartment 1 month ago in Andersonville (corner of Summerdale and Damen). Found and paid for it all on her own. Unfortunately, when I helped her moved in I r ||| ladies of andersonville please be safe walking at night! FYI there have been a series of muggings in the andersonville area recently so please be careful walking at night. A close friend of mine was attacked and beaten up a few nights ago, apparently ||| How bad is the red line really? I live in andersonville and just recently got a job in river north, and I will have to take the red line alone to get to work every day. I have been hearing absolute horror stories and how you will pretty much have som","Chicago, I need advice about terrible apartment complex | Why is Uptown/Edgewater dangerous? Or are crime maps lying to me? | How bad is the red line really?",2010–2026,Reddit community members are mostly positive about Edgewater. 40 posts analyzed between 2010 and 2026. 22.5% of posts express fear or concern. Most commonly mentioned safety concern: dangerous. Night-time fear rate: 50%.
Edison Park,False,0,0,0,0,0.0,0,0,0,0,,,,,,,No Reddit community data available for Edison Park.
Englewood,True,13,8,2,3,61.5,12,67,5,1,"dangerous, avoid, scary, danger, mugged",Exactly how dangerous is Englewood? | Is Englewood safe? | Why do people say the city is more dangerous than it is? | How dangerous is your neighborhood?,Garbage dumping in englewood | Moving to Chicago: how are SW neighborhoods?,"Exactly how dangerous is Englewood? We only hear so much awful stuff that takes place in Englewood. I've even heard some stuff from some acquaintances I went to college with who lived in/near Englewood who have told me events that the news didn't eve ||| I'm sick of ""I'm visiting, what should I do?"" posts too - but I humbly ask that you please show respect for the safety of tourists... I get it - I'm tired of the same posts too.  However, leading someone to potential bodily harm because they're ""igno ||| How dangerous is your neighborhood? In an attempt to avoid any real work, I rank ordered Chicago's community areas by their 2016 homicide rate per 100,000.  

For comparison Chicago's overall rate for 2016 was 27.6. St. Louis' was 59.3  
St. Louis' w",How dangerous is your neighborhood?,2012–2025,Reddit community members frequently express concern about Englewood. 13 posts analyzed between 2012 and 2025. 61.5% of posts express fear or concern. Most commonly mentioned safety concern: dangerous. Night-time fear rate: 67%.
Forest Glen,True,1,1,0,0,100.0,1,100,1,1,"avoid, dangerous",How dangerous is your neighborhood?,,"How dangerous is your neighborhood? In an attempt to avoid any real work, I rank ordered Chicago's community areas by their 2016 homicide rate per 100,000.  

For comparison Chicago's overall rate for 2016 was 27.6. St. Louis' was 59.3  
St. Louis' w",How dangerous is your neighborhood?,2017–2017,Reddit community members frequently express concern about Forest Glen. 1 posts analyzed between 2017 and 2017. 100.0% of posts express fear or concern. Most commonly mentioned safety concern: avoid. Night-time fear rate: 100%.
Fuller Park,False,0,0,0,0,0.0,0,0,0,0,,,,,,,No Reddit community data available for Fuller Park.
Gage Park,True,2,1,0,1,50.0,1,100,2,1,"avoid, dangerous",How dangerous is your neighborhood?,,"How dangerous is your neighborhood? In an attempt to avoid any real work, I rank ordered Chicago's community areas by their 2016 homicide rate per 100,000.  

For comparison Chicago's overall rate for 2016 was 27.6. St. Louis' was 59.3  
St. Louis' w",How dangerous is your neighborhood?,2017–2025,Reddit community members frequently express concern about Gage Park. 2 posts analyzed between 2017 and 2025. 50.0% of posts express fear or concern. Most commonly mentioned safety concern: avoid. Night-time fear rate: 100%.
Garfield Ridge,False,0,0,0,0,0.0,0,0,0,0,,,,,,,No Reddit community data available for Garfield Ridge.
Grand Boulevard,True,1,1,0,0,100.0,1,100,1,1,"avoid, dangerous",How dangerous is your neighborhood?,,"How dangerous is your neighborhood? In an attempt to avoid any real work, I rank ordered Chicago's community areas by their 2016 homicide rate per 100,000.  

For comparison Chicago's overall rate for 2016 was 27.6. St. Louis' was 59.3  
St. Louis' w",How dangerous is your neighborhood?,2017–2017,Reddit community members frequently express concern about Grand Boulevard. 1 posts analyzed between 2017 and 2017. 100.0% of posts express fear or concern. Most commonly mentioned safety concern: avoid. Night-time fear rate: 100%.
Greater Grand Crossing,True,3,3,0,0,100.0,3,100,1,1,"dangerous, scary, danger, mugged, dark",Why do people say the city is more dangerous than it is? | How dangerous is your neighborhood? | What is the Craze With O-Block?,,"How dangerous is your neighborhood? In an attempt to avoid any real work, I rank ordered Chicago's community areas by their 2016 homicide rate per 100,000.  

For comparison Chicago's overall rate for 2016 was 27.6. St. Louis' was 59.3  
St. Louis' w ||| Why do people say the city is more dangerous than it is? Before I start, I'm not trying to be confrontational or dismissive. I'm genuinely confused at how people seem to overstate crime in many parts of the city. I feel like I'm missing perspective.  ||| What is the Craze With O-Block? People like to talk about how “O-Block is as rough as it gets” despite the neighborhood of Grand Crossing (that’s where O-Block is) not even being in the top five of crime rates in Chicago. Englewood, East Garfield Par",How dangerous is your neighborhood?,2017–2025,Reddit community members frequently express concern about Greater Grand Crossing. 3 posts analyzed between 2017 and 2025. 100.0% of posts express fear or concern. Most commonly mentioned safety concern: dangerous. Night-time fear rate: 100%.
Hegewisch,True,2,1,0,1,50.0,2,50,2,1,"avoid, dangerous",How dangerous is your neighborhood?,,"How dangerous is your neighborhood? In an attempt to avoid any real work, I rank ordered Chicago's community areas by their 2016 homicide rate per 100,000.  

For comparison Chicago's overall rate for 2016 was 27.6. St. Louis' was 59.3  
St. Louis' w",How dangerous is your neighborhood?,2017–2025,Reddit community members frequently express concern about Hegewisch. 2 posts analyzed between 2017 and 2025. 50.0% of posts express fear or concern. Most commonly mentioned safety concern: avoid. Night-time fear rate: 50%.
Hermosa,True,3,2,1,0,66.7,2,100,2,1,"dangerous, scary, danger, mugged, dark",Why do people say the city is more dangerous than it is? | How dangerous is your neighborhood?,Is Hermosa a good neighborhood to live in?,"How dangerous is your neighborhood? In an attempt to avoid any real work, I rank ordered Chicago's community areas by their 2016 homicide rate per 100,000.  

For comparison Chicago's overall rate for 2016 was 27.6. St. Louis' was 59.3  
St. Louis' w ||| Why do people say the city is more dangerous than it is? Before I start, I'm not trying to be confrontational or dismissive. I'm genuinely confused at how people seem to overstate crime in many parts of the city. I feel like I'm missing perspective. ",How dangerous is your neighborhood?,2017–2026,Reddit community members frequently express concern about Hermosa. 3 posts analyzed between 2017 and 2026. 66.7% of posts express fear or concern. Most commonly mentioned safety concern: dangerous. Night-time fear rate: 100%.
Humboldt Park,True,23,3,7,13,13.0,12,17,10,2,"dangerous, danger, fear, gun, shooting",Is Humboldt Park really that bad? | Editorial: City Council should reject proposed $1.25M settlement in Dexter Reed police shooting | How dangerous is your neighborhood?,"Quick question about the buses in Chicago. If I take the bus from Humboldt Park to downtown, am I going to get stabbed? | open letter from a chicago gang member/ama | Humboldt Park East and South Safe?","Editorial: City Council should reject proposed $1.25M settlement in Dexter Reed police shooting The City Council should not approve the proposed $1.25 million settlement to the survivors of Dexter Reed, shot dead last March by Chicago police after he ||| Is Humboldt Park really that bad? My mom and I just booked an AirBnB at Humboldt Park (Maplewood/Bloomingdale to be precise) and upon some further research, we have come to the realization that our apartment seems to be in a pretty dangerous neighbor ||| How dangerous is your neighborhood? In an attempt to avoid any real work, I rank ordered Chicago's community areas by their 2016 homicide rate per 100,000.  

For comparison Chicago's overall rate for 2016 was 27.6. St. Louis' was 59.3  
St. Louis' w",Editorial: City Council should reject proposed $1.25M settlement in Dexter Reed police shooting | How dangerous is your neighborhood?,2013–2026,Reddit community members are mostly positive about Humboldt Park. 23 posts analyzed between 2013 and 2026. 13.0% of posts express fear or concern. Most commonly mentioned safety concern: dangerous. Night-time fear rate: 17%.
Hyde Park,True,35,6,11,18,17.1,16,19,13,3,"dangerous, avoid, alone",Hyde Park or other neighborhoods north? | How dangerous is your neighborhood? | Is it safe to walk dogs at night in East Hyde Park?,Visiting Chicago next week - Hyde Park a safe place? | Fresh start in Hyde Park/Kenwood? | open letter from a chicago gang member/ama,"Common stereotype question How come everyone who doesn’t live in Chicago thinks the South Side of Chicago is so horrible but they never mention the West Side? They have Austin and East Garfield Park over there, some of the most dangerous neighborhood ||| How dangerous is your neighborhood? In an attempt to avoid any real work, I rank ordered Chicago's community areas by their 2016 homicide rate per 100,000.  

For comparison Chicago's overall rate for 2016 was 27.6. St. Louis' was 59.3  
St. Louis' w ||| Is it safe to walk dogs at night in East Hyde Park? I’m moving to East Hyde Park in late December. I am planning to rescue two racing greyhounds. A couple of coworkers have told me the area isn’t safe and walking the dogs late at night would be extre","How dangerous is your neighborhood? | Hyde Park or other neighborhoods north? | Neighborhoods for 40+, No Kids",2011–2026,Reddit community members are mostly positive about Hyde Park. 35 posts analyzed between 2011 and 2026. 17.1% of posts express fear or concern. Most commonly mentioned safety concern: dangerous. Night-time fear rate: 19%.
Irving Park,True,7,3,0,4,42.9,4,75,5,2,"dangerous, avoid, alone",How dangerous is it for a woman to run alone? | How dangerous is your neighborhood? | Best way to get from Norwood Park to Metro?,,"How dangerous is your neighborhood? In an attempt to avoid any real work, I rank ordered Chicago's community areas by their 2016 homicide rate per 100,000.  

For comparison Chicago's overall rate for 2016 was 27.6. St. Louis' was 59.3  
St. Louis' w ||| How dangerous is it for a woman to run alone? Hi neighbors! At the risk of sounding dumb, I’m wondering how safe you think it is for a woman to run alone at sunrise and after sunset (like 10pm or so) around the Irving Park area. Or if there’s safer p ||| Best way to get from Norwood Park to Metro? I live in the Norwood Park area, but not particularly close to transit, so I usually drive and park closer to the train when I go into the city for anything. Generally I park near and use the blue line. Goi",How dangerous is it for a woman to run alone? | How dangerous is your neighborhood?,2016–2025,Reddit community members share mixed experiences about Irving Park. 7 posts analyzed between 2016 and 2025. 42.9% of posts express fear or concern. Most commonly mentioned safety concern: dangerous. Night-time fear rate: 75%.
Jefferson Park,True,6,1,2,3,16.7,1,100,2,1,"avoid, dangerous",How dangerous is your neighborhood?,What the suburbs have to offer for families that the city does not? | What are some safe(ish) and affordable neighborhood on the north side of the city?,"How dangerous is your neighborhood? In an attempt to avoid any real work, I rank ordered Chicago's community areas by their 2016 homicide rate per 100,000.  

For comparison Chicago's overall rate for 2016 was 27.6. St. Louis' was 59.3  
St. Louis' w",How dangerous is your neighborhood?,2016–2025,Reddit community members are mostly positive about Jefferson Park. 6 posts analyzed between 2016 and 2025. 16.7% of posts express fear or concern. Most commonly mentioned safety concern: avoid. Night-time fear rate: 100%.
Kenwood,False,0,0,0,0,0.0,0,0,0,0,,,,,,,No Reddit community data available for Kenwood.
Lake View,True,54,10,27,17,18.5,27,19,17,5,"dangerous, afraid, alone, scary, danger",Does it always get this dangerous in Lakeview after Pride? | Lakeview: Ten people robbed in SEVEN hold-ups early Friday | Why do people say the city is more dangerous than it is? | What to do when you are being harassed and followed on the street by a homeless person? | Albany Park safety- bw Central Park/Sunnyside CP/Montrose,Trying to move to Chicago from out of state in May/June - where in Lakeview would be a good spot for me? | Where do the bros hang out in the Lakeview area? | How big of an issue is catcalling and sexual harassment?,"What to do when you are being harassed and followed on the street by a homeless person? I'm from NYC, and for whatever reason, I've never had to deal with this before. My experience so far is that homeless/beggars are more aggressive in Chicago than  ||| UPDATE: Electrified sidewalk in Lincoln Park/Lakeview — NOT resolved!! Need help LOCATION: The concrete sidewalk in front of Matisse Tavern and Half Shell, across from Trader Joe’s. Corner of Diversey and Orchard.

TLDR: dogs are still at risk of bei ||| Lakeview: Ten people robbed in SEVEN hold-ups early Friday ",Albany Park safety- bw Central Park/Sunnyside CP/Montrose | looking for a good bar in the lakeview/lincoln park area where i can go to read a book and generally be left alone? | UPDATE: Electrified sidewalk in Lincoln Park/Lakeview — NOT resolved!! Need help,2013–2026,Reddit community members are mostly positive about Lake View. 54 posts analyzed between 2013 and 2026. 18.5% of posts express fear or concern. Most commonly mentioned safety concern: dangerous. Night-time fear rate: 19%.
Lincoln Park,True,67,10,33,24,14.9,22,23,25,5,"danger, mugged, dangerous, avoid, scary","Why do people say the city is more dangerous than it is? | In Chicago on Spring Break. Got mugged. Need ideas for fun things to do without ID, transportation, or money. | Have you ever been mugged/robbed/jump in Chicagoland?","How safe is it to walk around Lincoln Park in evening? (6-9 pm)? | Any free parking options for Lincoln Park Zoo? | Early 40s/F Fine Art Photographer, visiting Chicago Mid Sept. What should I remove/add/replace from my options?","UPDATE: Electrified sidewalk in Lincoln Park/Lakeview — NOT resolved!! Need help LOCATION: The concrete sidewalk in front of Matisse Tavern and Half Shell, across from Trader Joe’s. Corner of Diversey and Orchard.

TLDR: dogs are still at risk of bei ||| How dangerous is your neighborhood? In an attempt to avoid any real work, I rank ordered Chicago's community areas by their 2016 homicide rate per 100,000.  

For comparison Chicago's overall rate for 2016 was 27.6. St. Louis' was 59.3  
St. Louis' w ||| Why do people say the city is more dangerous than it is? Before I start, I'm not trying to be confrontational or dismissive. I'm genuinely confused at how people seem to overstate crime in many parts of the city. I feel like I'm missing perspective. ","How dangerous is your neighborhood? | looking for a good bar in the lakeview/lincoln park area where i can go to read a book and generally be left alone? | Moving to Chicago soon, what areas do I avoid when looking to find a place?",2010–2026,Reddit community members are mostly positive about Lincoln Park. 67 posts analyzed between 2010 and 2026. 14.9% of posts express fear or concern. Most commonly mentioned safety concern: danger. Night-time fear rate: 23%.
Lincoln Square,True,12,3,3,6,25.0,3,33,5,1,"avoid, intimidating, terrified, dangerous, alone",Where can I practice riding a bike around Lincoln Square? | Woman robbed at gunpoint in Ravenswood near Damen Brown Line station | Public Safety - Please Be Careful,Posting Because People Keep Asking Me: Are you wondering if it's possible to live in/near Chicago and commute to AbbVie/Abbott on the North Shore WITHOUT driving? | Walkable Neighborhoods?,"Woman robbed at gunpoint in Ravenswood near Damen Brown Line station  ||| Where can I practice riding a bike around Lincoln Square? I just took a “learn how to ride a bike” class through the city and now I need to practice! However, I am terrified of biking alongside cars and definitely want to start in car-free areas, lik ||| Public Safety - Please Be Careful Last night I received a message from work that someone in their building had been robbed by two people in teens/early twenties wearing black ski masks. This happened in Ravenswood on 10/26 two blocks west of 4606 N. ",Woman robbed at gunpoint in Ravenswood near Damen Brown Line station,2014–2026,Reddit community members share mixed experiences about Lincoln Square. 12 posts analyzed between 2014 and 2026. 25.0% of posts express fear or concern. Most commonly mentioned safety concern: avoid. Night-time fear rate: 33%.
Logan Square,True,54,8,16,30,14.8,23,17,26,5,"dangerous, dark, mugged, avoid, alone",Why do people say the city is more dangerous than it is? | Avondale/Logan Square - Stray/lost dog spotted | Got mugged on Friday night. Any advice to make sure it doesn't happen again? ,Is Logan Square a good place to live? | Has anyone lived in Logan Square (Chicago)? | Neighborhoods to Move to Chicago?,"Avondale/Logan Square - Stray/lost dog spotted Hi everyone - not sure if this is the correct way or place to do this, but the situation breaks my heart. Two nights ago my brother in law slammed on the breaks on Belmont and Drake to avoid hitting a st ||| How dangerous is your neighborhood? In an attempt to avoid any real work, I rank ordered Chicago's community areas by their 2016 homicide rate per 100,000.  

For comparison Chicago's overall rate for 2016 was 27.6. St. Louis' was 59.3  
St. Louis' w ||| Why do people say the city is more dangerous than it is? Before I start, I'm not trying to be confrontational or dismissive. I'm genuinely confused at how people seem to overstate crime in many parts of the city. I feel like I'm missing perspective. ",Avondale/Logan Square - Stray/lost dog spotted | Got mugged on Friday night. Any advice to make sure it doesn't happen again?  | How dangerous is your neighborhood?,2011–2026,Reddit community members are mostly positive about Logan Square. 54 posts analyzed between 2011 and 2026. 14.8% of posts express fear or concern. Most commonly mentioned safety concern: dangerous. Night-time fear rate: 17%.
Loop,True,135,30,39,66,22.2,51,25,38,11,"dangerous, avoid, mugged, scary, dark","Is the chicago loop safe for solo travel for a young female? | Is the Loop/Downtown Safe? | Yesterday while walking home from work in the Loop I saw something pretty horrible. A man straight up punched his kid, and the cops did nothing. | Why do people say the city is more dangerous than it is? | Elderly low-income South Shore apt.: dangerous?","For women who live south of the loop and feel safe in their neighborhood, where do you live? | How safe is the Red Line at night around Uptown? | Thoughts on Skinner West/West Loop and Blaine Elementary for child potentially needing special education/therapy?","How do I stop feeling carsick on the train? All in the title. Recently transferred jobs from the suburbs to downtown, no more driving for me. It’s a 35\~ minute commute on the north side redline to the loop area. I don’t remember ever getting carsick ||| Yesterday while walking home from work in the Loop I saw something pretty horrible. A man straight up punched his kid, and the cops did nothing. So yesterday I left work a little early to take care of something at home. I always walk the few blocks w ||| Avoid LSD if you can We just almost got caught, we were coming south on LSD, planning to get off at north. City and cops have the exits closed.

If you are with the city and reading this, for fucks sakes, we had our baby in back, I listen to WBEZ all",Just a reminder to stay vigilant and beware of scammers | Monday CTA rant | Is the chicago loop safe for solo travel for a young female?,2011–2026,Reddit community members are mostly positive about Loop. 135 posts analyzed between 2011 and 2026. 22.2% of posts express fear or concern. Most commonly mentioned safety concern: dangerous. Night-time fear rate: 25%.
Lower West Side,True,25,7,6,12,28.0,13,31,11,3,"dangerous, scary, danger, mugged, dark","I just mentioned to a friend that I am moving to Pilsen, he said to not walk by myself after 10pm. | Why do people say the city is more dangerous than it is? | Questions about my safety in Chicago? | Chicago with a reactive dog - is it possible?",How safe is the Red Line at night around Uptown? | Neighborhoods to Move to Chicago?,"Common stereotype question How come everyone who doesn’t live in Chicago thinks the South Side of Chicago is so horrible but they never mention the West Side? They have Austin and East Garfield Park over there, some of the most dangerous neighborhood ||| Walking to School Horror Story from this Morning Two months ago I moved to Chicago  from the west coast. Coming from the quiet suburbs of San Francisco, I've always been a little wary while walking outside in Chicago. I've heard stories of violence,  ||| Chicago with a reactive dog - is it possible? Hello!

I have long considered moving to the area. I recently quit my job so it’s looking like relocation is in my near future. As I’m considering options, I need some advice about life with my reactive A","Questions about my safety in Chicago? | Walking to School Horror Story from this Morning | Neighborhoods for 40+, No Kids",2011–2026,Reddit community members share mixed experiences about Lower West Side. 25 posts analyzed between 2011 and 2026. 28.0% of posts express fear or concern. Most commonly mentioned safety concern: dangerous. Night-time fear rate: 31%.
McKinley Park,True,4,2,0,2,50.0,3,67,3,1,"dangerous, scary, danger, mugged, dark",Why do people say the city is more dangerous than it is? | How dangerous is your neighborhood?,,"How dangerous is your neighborhood? In an attempt to avoid any real work, I rank ordered Chicago's community areas by their 2016 homicide rate per 100,000.  

For comparison Chicago's overall rate for 2016 was 27.6. St. Louis' was 59.3  
St. Louis' w ||| Why do people say the city is more dangerous than it is? Before I start, I'm not trying to be confrontational or dismissive. I'm genuinely confused at how people seem to overstate crime in many parts of the city. I feel like I'm missing perspective. ",How dangerous is your neighborhood?,2015–2025,Reddit community members frequently express concern about McKinley Park. 4 posts analyzed between 2015 and 2025. 50.0% of posts express fear or concern. Most commonly mentioned safety concern: dangerous. Night-time fear rate: 67%.
Montclare,True,2,1,0,1,50.0,2,50,1,1,"avoid, dangerous",How dangerous is your neighborhood?,,"How dangerous is your neighborhood? In an attempt to avoid any real work, I rank ordered Chicago's community areas by their 2016 homicide rate per 100,000.  

For comparison Chicago's overall rate for 2016 was 27.6. St. Louis' was 59.3  
St. Louis' w",How dangerous is your neighborhood?,2017–2024,Reddit community members frequently express concern about Montclare. 2 posts analyzed between 2017 and 2024. 50.0% of posts express fear or concern. Most commonly mentioned safety concern: avoid. Night-time fear rate: 50%.
Morgan Park,True,3,2,0,1,66.7,2,50,1,1,"avoid, dangerous",Morgan Park crime--is just west of Vincennes safe? | How dangerous is your neighborhood?,,"How dangerous is your neighborhood? In an attempt to avoid any real work, I rank ordered Chicago's community areas by their 2016 homicide rate per 100,000.  

For comparison Chicago's overall rate for 2016 was 27.6. St. Louis' was 59.3  
St. Louis' w ||| Morgan Park crime--is just west of Vincennes safe? How is safety is the Morgan Park area by the high school, just west of Vincennes Ave? We're considering moving to that area, but I've been reading that there's gang activity and shootings in that are",How dangerous is your neighborhood?,2017–2026,Reddit community members frequently express concern about Morgan Park. 3 posts analyzed between 2017 and 2026. 66.7% of posts express fear or concern. Most commonly mentioned safety concern: avoid. Night-time fear rate: 50%.
Mount Greenwood,True,2,1,0,1,50.0,2,50,2,1,"avoid, dangerous",How dangerous is your neighborhood?,,"How dangerous is your neighborhood? In an attempt to avoid any real work, I rank ordered Chicago's community areas by their 2016 homicide rate per 100,000.  

For comparison Chicago's overall rate for 2016 was 27.6. St. Louis' was 59.3  
St. Louis' w",How dangerous is your neighborhood?,2017–2025,Reddit community members frequently express concern about Mount Greenwood. 2 posts analyzed between 2017 and 2025. 50.0% of posts express fear or concern. Most commonly mentioned safety concern: avoid. Night-time fear rate: 50%.
Near North Side,True,46,8,24,14,17.4,19,16,15,6,"avoid, dark, alone, dangerous, attacked",Woman Attacked While Jogging In River North | How bad is the red line really? | How dangerous is your neighborhood? | Moving to Chicago from out of state: HELP!,"How big of an issue is catcalling and sexual harassment? | Hey Guys, I am moving to Chicago in a few months. Any recommendations for safe, decent-size studios or 1BRs in Chicago below $2200?","West Loop pedestrian crossing safety an issue? I moved to the West Loop from River North last year and I’ve never had so many issues safely crossing the street. I have a dog so I’m walking the neighborhood regularly and every day, sometimes multiple  ||| Thinking of moving to Chicago- how is the state of politics and safety? Thinking of moving to Chicago, however a lot of people I know who recently moved from there (to Miami, where I am) have been advising me to not go. A lot of anecdotal evidence of ||| How bad is the red line really? I live in andersonville and just recently got a job in river north, and I will have to take the red line alone to get to work every day. I have been hearing absolute horror stories and how you will pretty much have som",How bad is the red line really? | How dangerous is your neighborhood? | Moving to Chicago from out of state: HELP!,2011–2026,Reddit community members are mostly positive about Near North Side. 46 posts analyzed between 2011 and 2026. 17.4% of posts express fear or concern. Most commonly mentioned safety concern: avoid. Night-time fear rate: 16%.
Near South Side,True,26,2,9,15,7.7,13,8,6,1,robbery,Bystander Shot During Armed Carjacking Robbery in South Loop | Chicago Review. First time visit. Unbiased opinion attempt,How safe is the Red Line at night around Uptown? | Help with Itinerary? Plus mini rant,"Chicago Review. First time visit. Unbiased opinion attempt I am from Washington State (not a WA native though. but lived here for ~~12 years now) in the north Seattle Area (about 15 miles north of the space needle to give a reference point)

I just l ||| Bystander Shot During Armed Carjacking Robbery in South Loop ",Chicago Review. First time visit. Unbiased opinion attempt,2014–2026,Reddit community members are mostly positive about Near South Side. 26 posts analyzed between 2014 and 2026. 7.7% of posts express fear or concern. Most commonly mentioned safety concern: robbery. Night-time fear rate: 8%.
Near West Side,True,44,7,19,18,15.9,17,18,18,4,"avoid, dangerous, followed, dark, mugged",Just a reminder to stay vigilant and beware of scammers | How dangerous is your neighborhood? | Is this a safe neighborhood to live in?,What to check out in near west side area? | Thoughts on Skinner West/West Loop and Blaine Elementary for child potentially needing special education/therapy? | Neighborhoods to Move to Chicago?,"Just a reminder to stay vigilant and beware of scammers I feel like such a dumbass right now. I thought I've lived here long enough to avoid this type of thing but apparently not. Last night I was scammed, and there were a million red flags I should  ||| Is this a safe neighborhood to live in? Looking at places close to the West Loop. I hear Garfield park can be dangerous.

What about this location?

[https://postimg.cc/rRWnCVJ2](https://postimg.cc/rRWnCVJ2)

&amp;#x200B;

Update: Seems as this neigh ||| West Loop pedestrian crossing safety an issue? I moved to the West Loop from River North last year and I’ve never had so many issues safely crossing the street. I have a dog so I’m walking the neighborhood regularly and every day, sometimes multiple ",Just a reminder to stay vigilant and beware of scammers | How dangerous is your neighborhood? | Chicago Review. First time visit. Unbiased opinion attempt,2012–2026,Reddit community members are mostly positive about Near West Side. 44 posts analyzed between 2012 and 2026. 15.9% of posts express fear or concern. Most commonly mentioned safety concern: avoid. Night-time fear rate: 18%.
New City,True,4,2,0,2,50.0,1,100,0,0,avoid,Hello Chicago! | What can a helmet do?,,"What can a helmet do? Pardon the cheesy title...but it's time for some real talk. 

Some of the streets of Chicago can be dangerously deadly, and there is minimum support for many CPS students with budgets constantly being tightened. I recently becam ||| Hello Chicago! I am looking to move from my current city which I hate with every fiber of my being. I am looking at Chicago, I have visited a couple times and love it... but I am looking for housing and I am not sure where to look if I want parking? ",,2014–2023,Reddit community members frequently express concern about New City. 4 posts analyzed between 2014 and 2023. 50.0% of posts express fear or concern. Most commonly mentioned safety concern: avoid. Night-time fear rate: 100%.
North Center,True,4,1,2,1,25.0,1,100,3,1,"avoid, dangerous",How dangerous is your neighborhood?,Moving to Chicago with a baby. Looking for a neighborhood to live.  | Neighborhoods for singles in their 30's?,"How dangerous is your neighborhood? In an attempt to avoid any real work, I rank ordered Chicago's community areas by their 2016 homicide rate per 100,000.  

For comparison Chicago's overall rate for 2016 was 27.6. St. Louis' was 59.3  
St. Louis' w",How dangerous is your neighborhood?,2017–2024,Reddit community members share mixed experiences about North Center. 4 posts analyzed between 2017 and 2024. 25.0% of posts express fear or concern. Most commonly mentioned safety concern: avoid. Night-time fear rate: 100%.
North Lawndale,False,0,0,0,0,0.0,0,0,0,0,,,,,,,No Reddit community data available for North Lawndale.
North Park,True,2,1,1,0,50.0,1,100,2,1,"avoid, dangerous",How dangerous is your neighborhood?,What would you say to doubting parents about moving to Chicago?,"How dangerous is your neighborhood? In an attempt to avoid any real work, I rank ordered Chicago's community areas by their 2016 homicide rate per 100,000.  

For comparison Chicago's overall rate for 2016 was 27.6. St. Louis' was 59.3  
St. Louis' w",How dangerous is your neighborhood?,2017–2024,Reddit community members frequently express concern about North Park. 2 posts analyzed between 2017 and 2024. 50.0% of posts express fear or concern. Most commonly mentioned safety concern: avoid. Night-time fear rate: 100%.
Norwood Park,True,4,3,1,0,75.0,3,100,1,1,"dangerous, avoid, scary, danger, mugged",Why do people say the city is more dangerous than it is? | How dangerous is your neighborhood? | Best way to get from Norwood Park to Metro?,Potentially moving to Norwood Park? How is it overall?,"How dangerous is your neighborhood? In an attempt to avoid any real work, I rank ordered Chicago's community areas by their 2016 homicide rate per 100,000.  

For comparison Chicago's overall rate for 2016 was 27.6. St. Louis' was 59.3  
St. Louis' w ||| Why do people say the city is more dangerous than it is? Before I start, I'm not trying to be confrontational or dismissive. I'm genuinely confused at how people seem to overstate crime in many parts of the city. I feel like I'm missing perspective.  ||| Best way to get from Norwood Park to Metro? I live in the Norwood Park area, but not particularly close to transit, so I usually drive and park closer to the train when I go into the city for anything. Generally I park near and use the blue line. Goi",How dangerous is your neighborhood?,2017–2025,Reddit community members frequently express concern about Norwood Park. 4 posts analyzed between 2017 and 2025. 75.0% of posts express fear or concern. Most commonly mentioned safety concern: dangerous. Night-time fear rate: 100%.
O'Hare,False,0,0,0,0,0.0,0,0,0,0,,,,,,,No Reddit community data available for O'Hare.
Oakland,False,0,0,0,0,0.0,0,0,0,0,,,,,,,No Reddit community data available for Oakland.
Portage Park,True,3,1,0,2,33.3,2,50,2,1,"avoid, dangerous",How dangerous is your neighborhood?,,"How dangerous is your neighborhood? In an attempt to avoid any real work, I rank ordered Chicago's community areas by their 2016 homicide rate per 100,000.  

For comparison Chicago's overall rate for 2016 was 27.6. St. Louis' was 59.3  
St. Louis' w",How dangerous is your neighborhood?,2016–2023,Reddit community members share mixed experiences about Portage Park. 3 posts analyzed between 2016 and 2023. 33.3% of posts express fear or concern. Most commonly mentioned safety concern: avoid. Night-time fear rate: 50%.
Pullman,True,2,1,1,0,50.0,1,100,1,1,"avoid, dangerous",How dangerous is your neighborhood?,In town for a few days. What jazz clubs and lesser known attractions should I consider?,"How dangerous is your neighborhood? In an attempt to avoid any real work, I rank ordered Chicago's community areas by their 2016 homicide rate per 100,000.  

For comparison Chicago's overall rate for 2016 was 27.6. St. Louis' was 59.3  
St. Louis' w",How dangerous is your neighborhood?,2017–2025,Reddit community members frequently express concern about Pullman. 2 posts analyzed between 2017 and 2025. 50.0% of posts express fear or concern. Most commonly mentioned safety concern: avoid. Night-time fear rate: 100%.
Riverdale,True,2,2,0,0,100.0,2,100,1,1,"dangerous, avoid",How dangerous is your neighborhood? | What is the Craze With O-Block?,,"How dangerous is your neighborhood? In an attempt to avoid any real work, I rank ordered Chicago's community areas by their 2016 homicide rate per 100,000.  

For comparison Chicago's overall rate for 2016 was 27.6. St. Louis' was 59.3  
St. Louis' w ||| What is the Craze With O-Block? People like to talk about how “O-Block is as rough as it gets” despite the neighborhood of Grand Crossing (that’s where O-Block is) not even being in the top five of crime rates in Chicago. Englewood, East Garfield Par",How dangerous is your neighborhood?,2017–2022,Reddit community members frequently express concern about Riverdale. 2 posts analyzed between 2017 and 2022. 100.0% of posts express fear or concern. Most commonly mentioned safety concern: dangerous. Night-time fear rate: 100%.
Rogers Park,True,31,8,15,8,25.8,9,33,15,5,"avoid, dangerous, danger, scary, mugged","Living in Rogers park and commuting to suburbs for work? How feasible is it? How safe is the neighborhood: Rogers park, any places to avoid? | Rogers Park: Chase and Damen safety? | Why do people say the city is more dangerous than it is? | Why don't people in this city care about police reform? | Moving to Uptown",Where can I park in Rogers Park without being towed? | Posting Because People Keep Asking Me: Are you wondering if it's possible to live in/near Chicago and commute to AbbVie/Abbott on the North Shore WITHOUT driving? | Planning Exploratory Visit,"Why don't people in this city care about police reform? I lived a block away from a police station on the north side for 25 years so I had multiple issues with police officers just because I happen to live in such close proximity to the police statio ||| Ahhh Chicago...Man shot on Estes Ave at 8am this morning. Gunman took his own young daughter to the hit and used her to hide his identity as he fled. Don't really expect to hear gunshots so early in the morning but at 8am this morning a man in Rogers ||| How dangerous is your neighborhood? In an attempt to avoid any real work, I rank ordered Chicago's community areas by their 2016 homicide rate per 100,000.  

For comparison Chicago's overall rate for 2016 was 27.6. St. Louis' was 59.3  
St. Louis' w",Why don't people in this city care about police reform? | How dangerous is your neighborhood? | Rogers Park: Chase and Damen safety?,2012–2026,Reddit community members share mixed experiences about Rogers Park. 31 posts analyzed between 2012 and 2026. 25.8% of posts express fear or concern. Most commonly mentioned safety concern: avoid. Night-time fear rate: 33%.
Roseland,True,4,3,1,0,75.0,4,75,2,2,"dangerous, danger, scary, mugged, dark",Why do people say the city is more dangerous than it is? | UPDATE: Senators Raoul/Munoz Repeat Handgun Offender Bill | How dangerous is your neighborhood?,Is Roseland/109th and South Wabash a dangerous area?,"UPDATE: Senators Raoul/Munoz Repeat Handgun Offender Bill Below are some recent stories as to why you should support SR 1722 Safe Neighborhoods Reform Act. The bill proposes encouraging judges to sentence at the higher end of the spectrum for repeat  ||| How dangerous is your neighborhood? In an attempt to avoid any real work, I rank ordered Chicago's community areas by their 2016 homicide rate per 100,000.  

For comparison Chicago's overall rate for 2016 was 27.6. St. Louis' was 59.3  
St. Louis' w ||| Why do people say the city is more dangerous than it is? Before I start, I'm not trying to be confrontational or dismissive. I'm genuinely confused at how people seem to overstate crime in many parts of the city. I feel like I'm missing perspective. ",UPDATE: Senators Raoul/Munoz Repeat Handgun Offender Bill | How dangerous is your neighborhood?,2017–2025,Reddit community members frequently express concern about Roseland. 4 posts analyzed between 2017 and 2025. 75.0% of posts express fear or concern. Most commonly mentioned safety concern: dangerous. Night-time fear rate: 75%.
South Chicago,True,5,2,1,2,40.0,4,25,2,1,"avoid, dangerous","How dangerous is your neighborhood? | Does anyone have any advice about Robbins or Burnham, illinois?",How do I get less anxious living in south Chicago for the first time?,"How dangerous is your neighborhood? In an attempt to avoid any real work, I rank ordered Chicago's community areas by their 2016 homicide rate per 100,000.  

For comparison Chicago's overall rate for 2016 was 27.6. St. Louis' was 59.3  
St. Louis' w ||| Does anyone have any advice about Robbins or Burnham, illinois? Trying to buy a single family in the south Chicago; the west suburbs(Maywood, Stone Park, northlake, Elmhurst); or the south suburbs (Robbins, Burnham, lansing, Calumet City area). We're",How dangerous is your neighborhood?,2013–2025,Reddit community members share mixed experiences about South Chicago. 5 posts analyzed between 2013 and 2025. 40.0% of posts express fear or concern. Most commonly mentioned safety concern: avoid. Night-time fear rate: 25%.
South Deering,True,1,1,0,0,100.0,1,100,1,1,"avoid, dangerous",How dangerous is your neighborhood?,,"How dangerous is your neighborhood? In an attempt to avoid any real work, I rank ordered Chicago's community areas by their 2016 homicide rate per 100,000.  

For comparison Chicago's overall rate for 2016 was 27.6. St. Louis' was 59.3  
St. Louis' w",How dangerous is your neighborhood?,2017–2017,Reddit community members frequently express concern about South Deering. 1 posts analyzed between 2017 and 2017. 100.0% of posts express fear or concern. Most commonly mentioned safety concern: avoid. Night-time fear rate: 100%.
South Lawndale,True,12,4,2,6,33.3,3,33,5,1,"scared, dangerous, unsafe, avoid, alone",Advice about visiting Shameless house in North Lawndale/Little Village | Douglas park safety recommendation? | Will I be safe working in Little Village?,how safe is this area for female college students? Little Village | We Have Exactly One Week to Fix the Trump Tower Chicago Fish-Kill Settlement,"Is it actually safe to walk around Chicago right now with all these ICE reports? Hey everyone — I’m a legal immigrant living in Chicago (on an H-1B visa, so fully authorized to be here). But lately I’ve seen tons of posts and news stories about ICE r ||| Advice about visiting Shameless house in North Lawndale/Little Village I'm visiting Chicago and am a big Shameless fan. I wanted to visit the Shameless House (2119 S Homan Ave), but also want to be informed before I decide whether or not to do it. I' ||| Douglas park safety recommendation? Hello,

I just moved to the little village area recently and I have a toddler who loves parks. It seems like the only park close to me is Douglas park. I was wondering if it would be safe to walk over there with a ",Will I be safe working in Little Village?,2018–2025,Reddit community members share mixed experiences about South Lawndale. 12 posts analyzed between 2018 and 2025. 33.3% of posts express fear or concern. Most commonly mentioned safety concern: scared. Night-time fear rate: 33%.
South Shore,True,10,5,1,4,50.0,7,43,3,2,"dangerous, avoid, attacked, fear, alone","Elderly low-income South Shore apt.: dangerous? | How dangerous is your neighborhood? | Thoughts on South Shore, Auburn Gresham, and/or Chatham neighborhoods?",What can you tell me about Jackson Park Highlands?,"How dangerous is your neighborhood? In an attempt to avoid any real work, I rank ordered Chicago's community areas by their 2016 homicide rate per 100,000.  

For comparison Chicago's overall rate for 2016 was 27.6. St. Louis' was 59.3  
St. Louis' w ||| Thoughts on South Shore, Auburn Gresham, and/or Chatham neighborhoods? Anyone live/ hang out in South Shore, Auburn Gresham, or Chatham? What do you think of these areas? They keep popping up in my apartment hunt and I'm having trouble figuring out i ||| Found severely matted stray dog — need emergency grooming help? (she gets vaccinated Tuesday, I can pay $100)? Hey everyone,
Last night I found a stray dog in the South Shore neighborhood and brought her in last night until the shelter opened up. I t","How dangerous is your neighborhood? | Found severely matted stray dog — need emergency grooming help? (she gets vaccinated Tuesday, I can pay $100)?",2016–2025,Reddit community members frequently express concern about South Shore. 10 posts analyzed between 2016 and 2025. 50.0% of posts express fear or concern. Most commonly mentioned safety concern: dangerous. Night-time fear rate: 43%.
Uptown,True,39,9,16,14,23.1,14,21,11,5,"dangerous, avoid, dark, attacked, worried","Question about Uptown | 60-year-old Vietnamese American man attacked from behind in Chicago’s Uptown, daughter says: ‘I don’t think that we should keep silent’ | Uptown: violent harasser at Lawrence and Broadway | Why do people say the city is more dangerous than it is? | How short is the road to racism?",Looking at an apartment a couple blocks east of the Wilson stop in Uptown - what is the area like? | How safe is the Red Line at night around Uptown? | Trying to move to Chicago with basically nothing and would love guidance(mainly for public transit),"Uptown: violent harasser at Lawrence and Broadway [edit: I have been asked to remove a picture of a violent person because it is ""unofficial."" You should be on the lookout for a red-faced leprechaun who will harass you and try to beat you. I'm so gla ||| How short is the road to racism? I live in Uptown. I as a white(ish) thirty-something male experience discomfort and some amount of fear around black people in certain specific contexts these days, because I have observed that they will target white  ||| How dangerous is your neighborhood? In an attempt to avoid any real work, I rank ordered Chicago's community areas by their 2016 homicide rate per 100,000.  

For comparison Chicago's overall rate for 2016 was 27.6. St. Louis' was 59.3  
St. Louis' w",How short is the road to racism? | Why is Uptown/Edgewater dangerous? Or are crime maps lying to me? | How dangerous is your neighborhood?,2010–2026,Reddit community members are mostly positive about Uptown. 39 posts analyzed between 2010 and 2026. 23.1% of posts express fear or concern. Most commonly mentioned safety concern: dangerous. Night-time fear rate: 21%.
Washington Heights,True,1,1,0,0,100.0,1,100,1,1,"avoid, dangerous",How dangerous is your neighborhood?,,"How dangerous is your neighborhood? In an attempt to avoid any real work, I rank ordered Chicago's community areas by their 2016 homicide rate per 100,000.  

For comparison Chicago's overall rate for 2016 was 27.6. St. Louis' was 59.3  
St. Louis' w",How dangerous is your neighborhood?,2017–2017,Reddit community members frequently express concern about Washington Heights. 1 posts analyzed between 2017 and 2017. 100.0% of posts express fear or concern. Most commonly mentioned safety concern: avoid. Night-time fear rate: 100%.
Washington Park,True,3,3,0,0,100.0,3,100,1,1,"dangerous, scary, danger, mugged, dark",Washington Park: What do I need to know? | Why do people say the city is more dangerous than it is? | How dangerous is your neighborhood?,,"Washington Park: What do I need to know? My National Guard unit is being relocated to the Jones Armory in the northeast corner of Washington Park. Most folks in the unit are not Chicago residents, have no familiarity with the neighborhood, and aren't ||| How dangerous is your neighborhood? In an attempt to avoid any real work, I rank ordered Chicago's community areas by their 2016 homicide rate per 100,000.  

For comparison Chicago's overall rate for 2016 was 27.6. St. Louis' was 59.3  
St. Louis' w ||| Why do people say the city is more dangerous than it is? Before I start, I'm not trying to be confrontational or dismissive. I'm genuinely confused at how people seem to overstate crime in many parts of the city. I feel like I'm missing perspective. ",How dangerous is your neighborhood?,2017–2025,Reddit community members frequently express concern about Washington Park. 3 posts analyzed between 2017 and 2025. 100.0% of posts express fear or concern. Most commonly mentioned safety concern: dangerous. Night-time fear rate: 100%.
West Elsdon,False,0,0,0,0,0.0,0,0,0,0,,,,,,,No Reddit community data available for West Elsdon.
West Englewood,True,2,2,0,0,100.0,2,100,1,1,"avoid, dangerous",How dangerous is your neighborhood? | 2 CPD officers shot in West Englewood,,"How dangerous is your neighborhood? In an attempt to avoid any real work, I rank ordered Chicago's community areas by their 2016 homicide rate per 100,000.  

For comparison Chicago's overall rate for 2016 was 27.6. St. Louis' was 59.3  
St. Louis' w ||| 2 CPD officers shot in West Englewood ",How dangerous is your neighborhood?,2017–2021,Reddit community members frequently express concern about West Englewood. 2 posts analyzed between 2017 and 2021. 100.0% of posts express fear or concern. Most commonly mentioned safety concern: avoid. Night-time fear rate: 100%.
West Garfield Park,True,3,3,0,0,100.0,3,100,1,1,"dangerous, scary, danger, mugged, dark",Why do people say the city is more dangerous than it is? | How dangerous is your neighborhood? | What is the Craze With O-Block?,,"How dangerous is your neighborhood? In an attempt to avoid any real work, I rank ordered Chicago's community areas by their 2016 homicide rate per 100,000.  

For comparison Chicago's overall rate for 2016 was 27.6. St. Louis' was 59.3  
St. Louis' w ||| Why do people say the city is more dangerous than it is? Before I start, I'm not trying to be confrontational or dismissive. I'm genuinely confused at how people seem to overstate crime in many parts of the city. I feel like I'm missing perspective.  ||| What is the Craze With O-Block? People like to talk about how “O-Block is as rough as it gets” despite the neighborhood of Grand Crossing (that’s where O-Block is) not even being in the top five of crime rates in Chicago. Englewood, East Garfield Par",How dangerous is your neighborhood?,2017–2025,Reddit community members frequently express concern about West Garfield Park. 3 posts analyzed between 2017 and 2025. 100.0% of posts express fear or concern. Most commonly mentioned safety concern: dangerous. Night-time fear rate: 100%.
West Lawn,True,1,1,0,0,100.0,1,100,1,1,"avoid, dangerous",How dangerous is your neighborhood?,,"How dangerous is your neighborhood? In an attempt to avoid any real work, I rank ordered Chicago's community areas by their 2016 homicide rate per 100,000.  

For comparison Chicago's overall rate for 2016 was 27.6. St. Louis' was 59.3  
St. Louis' w",How dangerous is your neighborhood?,2017–2017,Reddit community members frequently express concern about West Lawn. 1 posts analyzed between 2017 and 2017. 100.0% of posts express fear or concern. Most commonly mentioned safety concern: avoid. Night-time fear rate: 100%.
West Pullman,False,0,0,0,0,0.0,0,0,0,0,,,,,,,No Reddit community data available for West Pullman.
West Ridge,False,0,0,0,0,0.0,0,0,0,0,,,,,,,No Reddit community data available for West Ridge.
West Town,True,47,4,17,26,8.5,12,17,15,2,"dangerous, scary, danger, mugged, dark",Why do people say the city is more dangerous than it is? | How dangerous is your neighborhood? | Chicago with a reactive dog - is it possible?,Moving to West Town | How safe is the Red Line at night around Uptown? | Neighborhoods to Move to Chicago?,"How dangerous is your neighborhood? In an attempt to avoid any real work, I rank ordered Chicago's community areas by their 2016 homicide rate per 100,000.  

For comparison Chicago's overall rate for 2016 was 27.6. St. Louis' was 59.3  
St. Louis' w ||| Chicago with a reactive dog - is it possible? Hello!

I have long considered moving to the area. I recently quit my job so it’s looking like relocation is in my near future. As I’m considering options, I need some advice about life with my reactive A ||| Where can I 30F get away for a long weekend in January? Life just sucks right now and I need some alone time, looking for recs safe for a 30 year old female to go alone for a few nights. I work an insanely overstimulating job, so my top priority is j",How dangerous is your neighborhood? | Where can I 30F get away for a long weekend in January?,2010–2026,Reddit community members are mostly positive about West Town. 47 posts analyzed between 2010 and 2026. 8.5% of posts express fear or concern. Most commonly mentioned safety concern: dangerous. Night-time fear rate: 17%.
Woodlawn,True,6,1,2,3,16.7,4,25,4,1,"avoid, dangerous",How dangerous is your neighborhood?,open letter from a chicago gang member/ama | How do I get less anxious living in south Chicago for the first time?,"How dangerous is your neighborhood? In an attempt to avoid any real work, I rank ordered Chicago's community areas by their 2016 homicide rate per 100,000.  

For comparison Chicago's overall rate for 2016 was 27.6. St. Louis' was 59.3  
St. Louis' w",How dangerous is your neighborhood?,2013–2025,Reddit community members are mostly positive about Woodlawn. 6 posts analyzed between 2013 and 2025. 16.7% of posts express fear or concern. Most commonly mentioned safety concern: avoid. Night-time fear rate: 25%.
